[{"pk": 1, "model": "backend.consumer", "fields": {"is_deleted": false, "name": "", "google_id": null, "date_modified": "2013-03-09T23:27:54Z", "email_address": "", "facebook_id": null, "api_token": "81dc9bdb52d04dc20036dbd8313ed055", "date_created": "2013-03-09T00:21:27Z", "password": "d1fe173d08e959397adf34b1d77e88d7", "salt": "79", "device_id": "1234"}}, {"pk": 2, "model": "backend.consumer", "fields": {"is_deleted": false, "name": "", "google_id": null, "date_modified": "2013-03-10T17:58:06Z", "email_address": "", "facebook_id": null, "api_token": "5b3c236e6866e54727d289e973734623", "date_created": "2013-03-09T23:50:36Z", "password": "d8abaf265f6a02a003ef8b25df77fc37", "salt": "99", "device_id": "EBD624A5-E9E9-4677-9BD7-1DED11AD9C97"}}, {"pk": 3, "model": "backend.consumer", "fields": {"is_deleted": false, "name": "", "google_id": "102584741714966005381", "date_modified": "2013-03-12T16:45:33Z", "email_address": "nwadams@nickadams.ca", "facebook_id": "508896848", "api_token": "e766edcf4133df7485f6a750e45a4475", "date_created": "2013-03-10T00:10:31Z", "password": "878646f069e671e4acc080af3fb1367a", "salt": "53", "device_id": "5461ff441c957748"}}, {"pk": 4, "model": "backend.consumer", "fields": {"is_deleted": false, "name": "", "google_id": null, "date_modified": "2013-03-10T00:37:35Z", "email_address": "", "facebook_id": null, "api_token": "4d51f7ac6c5b36e2ff3a72790078ff53", "date_created": "2013-03-10T00:37:10Z", "password": "8fd2b406ead5616b772a0160ba856117", "salt": "94", "device_id": "82F22E4A-80AB-4E4E-BEA2-DD4F642B69B9"}}, {"pk": 5, "model": "backend.consumer", "fields": {"is_deleted": false, "name": "", "google_id": null, "date_modified": "2013-03-12T22:07:15Z", "email_address": "", "facebook_id": null, "api_token": "937c971e6511f01351fa31c60ecae03f", "date_created": "2013-03-10T03:53:57Z", "password": "7d2e5ae0b128c3884db94c3838244693", "salt": "70", "device_id": "13A09946-28A2-453E-8555-DADBA7608FC3"}}, {"pk": 6, "model": "backend.consumer", "fields": {"is_deleted": false, "name": "", "google_id": null, "date_modified": "2013-03-11T21:57:52Z", "email_address": "", "facebook_id": null, "api_token": "75289d4d4fa6d47130bb369eb62e4f8f", "date_created": "2013-03-10T04:03:29Z", "password": "f51b7c1bd0122de2db22a2f65189009a", "salt": "35", "device_id": "3713805A-434C-46C4-9FEB-791C8680B0ED"}}, {"pk": 7, "model": "backend.consumer", "fields": {"is_deleted": false, "name": "", "google_id": "104896943459719039790", "date_modified": "2013-03-12T02:37:12Z", "email_address": "samuelsaumanchan@gmail.com", "facebook_id": null, "api_token": "f7f9a44260b3a8489be285913edc4648", "date_created": "2013-03-10T05:02:46Z", "password": "5912c6ecaa460c649f8ac6c616b7b465", "salt": "60", "device_id": "85dba239b81455c4"}}, {"pk": 8, "model": "backend.consumer", "fields": {"is_deleted": false, "name": "", "google_id": null, "date_modified": "2013-03-12T03:07:08Z", "email_address": "", "facebook_id": null, "api_token": "ecbb80a40880819129a109be651d3cd7", "date_created": "2013-03-10T05:03:47Z", "password": "0c859528a6284403185b48e314fca91c", "salt": "11", "device_id": "996a70a686b4848a"}}, {"pk": 9, "model": "backend.consumer", "fields": {"is_deleted": false, "name": "", "google_id": null, "date_modified": "2013-03-10T17:41:38Z", "email_address": "", "facebook_id": null, "api_token": "ae289aa0080de7b246de9740e9ffbe02", "date_created": "2013-03-10T17:41:38Z", "password": "9a3f6a45570d15c7da18bd85853ca727", "salt": "96", "device_id": "ee7adeeba77e1839"}}, {"pk": 10, "model": "backend.consumer", "fields": {"is_deleted": false, "name": "", "google_id": null, "date_modified": "2013-03-11T17:18:39Z", "email_address": "", "facebook_id": null, "api_token": "32378996088a3245d263f2a0f317e053", "date_created": "2013-03-10T19:21:51Z", "password": "1ff1de774005f8da13f42943881c655f", "salt": "24", "device_id": "7294ffbf3e93d7ed"}}, {"pk": 11, "model": "backend.consumer", "fields": {"is_deleted": false, "name": "", "google_id": null, "date_modified": "2013-03-12T06:16:06Z", "email_address": "", "facebook_id": null, "api_token": "c396547d4facc661904cfbe4cb8a96f0", "date_created": "2013-03-10T20:48:04Z", "password": "3503e4e7c9c0ef8c0e490c3bd23a4088", "salt": "15", "device_id": "648D9490-C770-43DC-9C77-FA26B1FBC5BA"}}, {"pk": 12, "model": "backend.consumer", "fields": {"is_deleted": false, "name": "", "google_id": null, "date_modified": "2013-03-10T21:09:15Z", "email_address": "", "facebook_id": null, "api_token": "664a799459b61711d608c5f3adb9ee88", "date_created": "2013-03-10T21:09:08Z", "password": "90fd3251c697b3cecd2b62cfd204edb1", "salt": "38", "device_id": "047384A8-11A3-4DAB-843C-16818D26BB3C"}}, {"pk": 13, "model": "backend.consumer", "fields": {"is_deleted": false, "name": "", "google_id": null, "date_modified": "2013-03-11T20:00:32Z", "email_address": "", "facebook_id": null, "api_token": "fd7d824f4abf2bc31cff5e8df0f1d7d3", "date_created": "2013-03-10T22:27:38Z", "password": "98aa8782d717e518268fc827fef733ca", "salt": "17", "device_id": "DD4F73B7-23F6-419C-9D9F-B4A6F085F9D7"}}, {"pk": 14, "model": "backend.consumer", "fields": {"is_deleted": false, "name": "", "google_id": null, "date_modified": "2013-03-11T15:25:55Z", "email_address": "", "facebook_id": null, "api_token": "d97a52a1023f0a68ba385324fed4f212", "date_created": "2013-03-11T15:25:27Z", "password": "24ed8e6abfa67c4de737cdebf6a04524", "salt": "54", "device_id": "5636014A-7667-45F1-9A6C-3B43119F38D5"}}, {"pk": 15, "model": "backend.consumer", "fields": {"is_deleted": false, "name": "", "google_id": null, "date_modified": "2013-03-11T16:56:19Z", "email_address": "", "facebook_id": null, "api_token": "cae00116fd81268913f23c1cbe6f226e", "date_created": "2013-03-11T16:56:19Z", "password": "375767aaaf6978c9d3748c42c5440d3a", "salt": "25", "device_id": "d783f6dd91ec20ff"}}, {"pk": 1, "model": "backend.location", "fields": {"phone_number": "(604) 441-2685", "is_deleted": false, "name": "Restaurant 1", "date_modified": "2013-03-11T04:20:48Z", "email_address": "asd", "is_active": true, "location": "Vancouver", "date_created": "2013-02-01T20:43:46Z", "password": "23", "salt": "sdf", "device_id": "asd"}}, {"pk": 1, "model": "backend.locationmap", "fields": {"is_deleted": false, "date_modified": "2013-03-11T02:50:44Z", "is_active": false, "check_in_time": "2013-03-11T02:50:40Z", "location": 1, "date_created": "2013-03-11T02:50:40Z", "consumer": 3, "check_out_time": "2013-03-11T02:50:44Z"}}, {"pk": 2, "model": "backend.locationmap", "fields": {"is_deleted": false, "date_modified": "2013-03-11T02:55:21Z", "is_active": false, "check_in_time": "2013-03-11T02:50:44Z", "location": 1, "date_created": "2013-03-11T02:50:44Z", "consumer": 3, "check_out_time": "2013-03-11T02:55:21Z"}}, {"pk": 3, "model": "backend.locationmap", "fields": {"is_deleted": false, "date_modified": "2013-03-11T02:56:25Z", "is_active": false, "check_in_time": "2013-03-11T02:55:21Z", "location": 1, "date_created": "2013-03-11T02:55:21Z", "consumer": 3, "check_out_time": "2013-03-11T02:56:25Z"}}, {"pk": 4, "model": "backend.locationmap", "fields": {"is_deleted": false, "date_modified": "2013-03-11T02:57:46Z", "is_active": false, "check_in_time": "2013-03-11T02:56:25Z", "location": 1, "date_created": "2013-03-11T02:56:25Z", "consumer": 3, "check_out_time": "2013-03-11T02:57:46Z"}}, {"pk": 5, "model": "backend.locationmap", "fields": {"is_deleted": false, "date_modified": "2013-03-11T02:58:57Z", "is_active": false, "check_in_time": "2013-03-11T02:57:46Z", "location": 1, "date_created": "2013-03-11T02:57:46Z", "consumer": 3, "check_out_time": "2013-03-11T02:58:57Z"}}, {"pk": 6, "model": "backend.locationmap", "fields": {"is_deleted": false, "date_modified": "2013-03-11T03:01:49Z", "is_active": false, "check_in_time": "2013-03-11T02:58:57Z", "location": 1, "date_created": "2013-03-11T02:58:57Z", "consumer": 3, "check_out_time": "2013-03-11T03:01:49Z"}}, {"pk": 7, "model": "backend.locationmap", "fields": {"is_deleted": false, "date_modified": "2013-03-11T03:03:25Z", "is_active": false, "check_in_time": "2013-03-11T03:01:49Z", "location": 1, "date_created": "2013-03-11T03:01:49Z", "consumer": 3, "check_out_time": "2013-03-11T03:03:25Z"}}, {"pk": 8, "model": "backend.locationmap", "fields": {"is_deleted": false, "date_modified": "2013-03-11T03:11:44Z", "is_active": false, "check_in_time": "2013-03-11T03:03:25Z", "location": 1, "date_created": "2013-03-11T03:03:25Z", "consumer": 3, "check_out_time": "2013-03-11T03:11:44Z"}}, {"pk": 9, "model": "backend.locationmap", "fields": {"is_deleted": false, "date_modified": "2013-03-11T03:36:36Z", "is_active": false, "check_in_time": "2013-03-11T03:11:44Z", "location": 1, "date_created": "2013-03-11T03:11:44Z", "consumer": 3, "check_out_time": "2013-03-11T03:36:36Z"}}, {"pk": 10, "model": "backend.locationmap", "fields": {"is_deleted": false, "date_modified": "2013-03-11T03:36:42Z", "is_active": false, "check_in_time": "2013-03-11T03:36:36Z", "location": 1, "date_created": "2013-03-11T03:36:36Z", "consumer": 3, "check_out_time": "2013-03-11T03:36:42Z"}}, {"pk": 11, "model": "backend.locationmap", "fields": {"is_deleted": false, "date_modified": "2013-03-11T03:37:56Z", "is_active": false, "check_in_time": "2013-03-11T03:36:42Z", "location": 1, "date_created": "2013-03-11T03:36:42Z", "consumer": 3, "check_out_time": "2013-03-11T03:37:56Z"}}, {"pk": 12, "model": "backend.locationmap", "fields": {"is_deleted": false, "date_modified": "2013-03-11T03:38:03Z", "is_active": false, "check_in_time": "2013-03-11T03:37:56Z", "location": 1, "date_created": "2013-03-11T03:37:56Z", "consumer": 3, "check_out_time": "2013-03-11T03:38:03Z"}}, {"pk": 13, "model": "backend.locationmap", "fields": {"is_deleted": false, "date_modified": "2013-03-11T03:38:13Z", "is_active": false, "check_in_time": "2013-03-11T03:38:03Z", "location": 1, "date_created": "2013-03-11T03:38:03Z", "consumer": 3, "check_out_time": "2013-03-11T03:38:13Z"}}, {"pk": 14, "model": "backend.locationmap", "fields": {"is_deleted": false, "date_modified": "2013-03-11T03:38:45Z", "is_active": false, "check_in_time": "2013-03-11T03:38:13Z", "location": 1, "date_created": "2013-03-11T03:38:13Z", "consumer": 3, "check_out_time": "2013-03-11T03:38:45Z"}}, {"pk": 15, "model": "backend.locationmap", "fields": {"is_deleted": false, "date_modified": "2013-03-11T03:39:55Z", "is_active": false, "check_in_time": "2013-03-11T03:39:52Z", "location": 1, "date_created": "2013-03-11T03:39:52Z", "consumer": 3, "check_out_time": "2013-03-11T03:39:55Z"}}, {"pk": 16, "model": "backend.locationmap", "fields": {"is_deleted": false, "date_modified": "2013-03-11T03:40:02Z", "is_active": false, "check_in_time": "2013-03-11T03:39:55Z", "location": 1, "date_created": "2013-03-11T03:39:55Z", "consumer": 3, "check_out_time": "2013-03-11T03:40:02Z"}}, {"pk": 17, "model": "backend.locationmap", "fields": {"is_deleted": false, "date_modified": "2013-03-11T03:55:14Z", "is_active": false, "check_in_time": "2013-03-11T03:40:02Z", "location": 1, "date_created": "2013-03-11T03:40:02Z", "consumer": 3, "check_out_time": "2013-03-11T03:55:14Z"}}, {"pk": 18, "model": "backend.locationmap", "fields": {"is_deleted": false, "date_modified": "2013-03-11T03:57:27Z", "is_active": false, "check_in_time": "2013-03-11T03:55:14Z", "location": 1, "date_created": "2013-03-11T03:55:14Z", "consumer": 3, "check_out_time": "2013-03-11T03:57:27Z"}}, {"pk": 19, "model": "backend.locationmap", "fields": {"is_deleted": false, "date_modified": "2013-03-11T03:57:31Z", "is_active": false, "check_in_time": "2013-03-11T03:57:27Z", "location": 1, "date_created": "2013-03-11T03:57:27Z", "consumer": 3, "check_out_time": "2013-03-11T03:57:31Z"}}, {"pk": 20, "model": "backend.locationmap", "fields": {"is_deleted": false, "date_modified": "2013-03-11T04:09:45Z", "is_active": false, "check_in_time": "2013-03-11T03:57:31Z", "location": 1, "date_created": "2013-03-11T03:57:31Z", "consumer": 3, "check_out_time": "2013-03-11T04:09:45Z"}}, {"pk": 21, "model": "backend.locationmap", "fields": {"is_deleted": false, "date_modified": "2013-03-11T04:20:55Z", "is_active": false, "check_in_time": "2013-03-11T04:10:17Z", "location": 1, "date_created": "2013-03-11T04:10:17Z", "consumer": 3, "check_out_time": "2013-03-11T04:20:55Z"}}, {"pk": 22, "model": "backend.locationmap", "fields": {"is_deleted": false, "date_modified": "2013-03-11T23:34:00Z", "is_active": false, "check_in_time": "2013-03-11T04:20:55Z", "location": 1, "date_created": "2013-03-11T04:20:55Z", "consumer": 3, "check_out_time": "2013-03-11T23:34:00Z"}}, {"pk": 23, "model": "backend.locationmap", "fields": {"is_deleted": false, "date_modified": "2013-03-12T03:07:14Z", "is_active": false, "check_in_time": "2013-03-11T04:34:25Z", "location": 1, "date_created": "2013-03-11T04:34:25Z", "consumer": 8, "check_out_time": "2013-03-12T03:07:14Z"}}, {"pk": 24, "model": "backend.locationmap", "fields": {"is_deleted": false, "date_modified": "2013-03-11T22:56:47Z", "is_active": false, "check_in_time": "2013-03-11T05:28:06Z", "location": 1, "date_created": "2013-03-11T05:28:06Z", "consumer": 7, "check_out_time": "2013-03-11T22:56:47Z"}}, {"pk": 25, "model": "backend.locationmap", "fields": {"is_deleted": false, "date_modified": "2013-03-11T21:46:34Z", "is_active": false, "check_in_time": "2013-03-11T17:18:43Z", "location": 1, "date_created": "2013-03-11T17:18:43Z", "consumer": 10, "check_out_time": "2013-03-11T21:46:34Z"}}, {"pk": 26, "model": "backend.locationmap", "fields": {"is_deleted": false, "date_modified": "2013-03-11T21:46:59Z", "is_active": false, "check_in_time": "2013-03-11T21:46:34Z", "location": 1, "date_created": "2013-03-11T21:46:34Z", "consumer": 10, "check_out_time": "2013-03-11T21:46:59Z"}}, {"pk": 27, "model": "backend.locationmap", "fields": {"is_deleted": false, "date_modified": "2013-03-12T02:41:52Z", "is_active": false, "check_in_time": "2013-03-11T21:46:59Z", "location": 1, "date_created": "2013-03-11T21:46:59Z", "consumer": 10, "check_out_time": "2013-03-12T02:41:52Z"}}, {"pk": 28, "model": "backend.locationmap", "fields": {"is_deleted": false, "date_modified": "2013-03-12T02:34:37Z", "is_active": false, "check_in_time": "2013-03-11T22:56:47Z", "location": 1, "date_created": "2013-03-11T22:56:47Z", "consumer": 7, "check_out_time": "2013-03-12T02:34:37Z"}}, {"pk": 29, "model": "backend.locationmap", "fields": {"is_deleted": false, "date_modified": "2013-03-11T23:51:42Z", "is_active": false, "check_in_time": "2013-03-11T23:34:00Z", "location": 1, "date_created": "2013-03-11T23:34:00Z", "consumer": 3, "check_out_time": "2013-03-11T23:51:42Z"}}, {"pk": 30, "model": "backend.locationmap", "fields": {"is_deleted": false, "date_modified": "2013-03-11T23:53:46Z", "is_active": false, "check_in_time": "2013-03-11T23:51:42Z", "location": 1, "date_created": "2013-03-11T23:51:42Z", "consumer": 3, "check_out_time": "2013-03-11T23:53:46Z"}}, {"pk": 31, "model": "backend.locationmap", "fields": {"is_deleted": false, "date_modified": "2013-03-11T23:59:17Z", "is_active": false, "check_in_time": "2013-03-11T23:53:46Z", "location": 1, "date_created": "2013-03-11T23:53:46Z", "consumer": 3, "check_out_time": "2013-03-11T23:59:17Z"}}, {"pk": 32, "model": "backend.locationmap", "fields": {"is_deleted": false, "date_modified": "2013-03-12T00:03:42Z", "is_active": false, "check_in_time": "2013-03-11T23:59:17Z", "location": 1, "date_created": "2013-03-11T23:59:17Z", "consumer": 3, "check_out_time": "2013-03-12T00:03:42Z"}}, {"pk": 33, "model": "backend.locationmap", "fields": {"is_deleted": false, "date_modified": "2013-03-12T00:03:47Z", "is_active": false, "check_in_time": "2013-03-12T00:03:42Z", "location": 1, "date_created": "2013-03-12T00:03:42Z", "consumer": 3, "check_out_time": "2013-03-12T00:03:47Z"}}, {"pk": 34, "model": "backend.locationmap", "fields": {"is_deleted": false, "date_modified": "2013-03-12T00:06:51Z", "is_active": false, "check_in_time": "2013-03-12T00:03:47Z", "location": 1, "date_created": "2013-03-12T00:03:47Z", "consumer": 3, "check_out_time": "2013-03-12T00:06:51Z"}}, {"pk": 35, "model": "backend.locationmap", "fields": {"is_deleted": false, "date_modified": "2013-03-12T00:08:07Z", "is_active": false, "check_in_time": "2013-03-12T00:06:51Z", "location": 1, "date_created": "2013-03-12T00:06:51Z", "consumer": 3, "check_out_time": "2013-03-12T00:08:07Z"}}, {"pk": 36, "model": "backend.locationmap", "fields": {"is_deleted": false, "date_modified": "2013-03-12T00:13:43Z", "is_active": false, "check_in_time": "2013-03-12T00:08:07Z", "location": 1, "date_created": "2013-03-12T00:08:07Z", "consumer": 3, "check_out_time": "2013-03-12T00:13:43Z"}}, {"pk": 37, "model": "backend.locationmap", "fields": {"is_deleted": false, "date_modified": "2013-03-12T00:13:46Z", "is_active": false, "check_in_time": "2013-03-12T00:13:43Z", "location": 1, "date_created": "2013-03-12T00:13:43Z", "consumer": 3, "check_out_time": "2013-03-12T00:13:46Z"}}, {"pk": 38, "model": "backend.locationmap", "fields": {"is_deleted": false, "date_modified": "2013-03-12T00:13:55Z", "is_active": false, "check_in_time": "2013-03-12T00:13:46Z", "location": 1, "date_created": "2013-03-12T00:13:46Z", "consumer": 3, "check_out_time": "2013-03-12T00:13:55Z"}}, {"pk": 39, "model": "backend.locationmap", "fields": {"is_deleted": false, "date_modified": "2013-03-12T01:24:51Z", "is_active": false, "check_in_time": "2013-03-12T00:13:55Z", "location": 1, "date_created": "2013-03-12T00:13:55Z", "consumer": 3, "check_out_time": "2013-03-12T01:24:51Z"}}, {"pk": 40, "model": "backend.locationmap", "fields": {"is_deleted": false, "date_modified": "2013-03-12T01:32:16Z", "is_active": false, "check_in_time": "2013-03-12T01:24:51Z", "location": 1, "date_created": "2013-03-12T01:24:51Z", "consumer": 3, "check_out_time": "2013-03-12T01:32:16Z"}}, {"pk": 41, "model": "backend.locationmap", "fields": {"is_deleted": false, "date_modified": "2013-03-12T01:32:32Z", "is_active": false, "check_in_time": "2013-03-12T01:32:16Z", "location": 1, "date_created": "2013-03-12T01:32:16Z", "consumer": 3, "check_out_time": "2013-03-12T01:32:32Z"}}, {"pk": 42, "model": "backend.locationmap", "fields": {"is_deleted": false, "date_modified": "2013-03-12T01:32:37Z", "is_active": false, "check_in_time": "2013-03-12T01:32:32Z", "location": 1, "date_created": "2013-03-12T01:32:32Z", "consumer": 3, "check_out_time": "2013-03-12T01:32:37Z"}}, {"pk": 43, "model": "backend.locationmap", "fields": {"is_deleted": false, "date_modified": "2013-03-12T01:34:25Z", "is_active": false, "check_in_time": "2013-03-12T01:32:37Z", "location": 1, "date_created": "2013-03-12T01:32:37Z", "consumer": 3, "check_out_time": "2013-03-12T01:34:25Z"}}, {"pk": 44, "model": "backend.locationmap", "fields": {"is_deleted": false, "date_modified": "2013-03-12T01:34:34Z", "is_active": false, "check_in_time": "2013-03-12T01:34:25Z", "location": 1, "date_created": "2013-03-12T01:34:25Z", "consumer": 3, "check_out_time": "2013-03-12T01:34:34Z"}}, {"pk": 45, "model": "backend.locationmap", "fields": {"is_deleted": false, "date_modified": "2013-03-12T01:34:58Z", "is_active": false, "check_in_time": "2013-03-12T01:34:34Z", "location": 1, "date_created": "2013-03-12T01:34:34Z", "consumer": 3, "check_out_time": "2013-03-12T01:34:58Z"}}, {"pk": 46, "model": "backend.locationmap", "fields": {"is_deleted": false, "date_modified": "2013-03-12T01:44:06Z", "is_active": false, "check_in_time": "2013-03-12T01:34:58Z", "location": 1, "date_created": "2013-03-12T01:34:58Z", "consumer": 3, "check_out_time": "2013-03-12T01:44:06Z"}}, {"pk": 47, "model": "backend.locationmap", "fields": {"is_deleted": false, "date_modified": "2013-03-12T01:44:21Z", "is_active": false, "check_in_time": "2013-03-12T01:44:06Z", "location": 1, "date_created": "2013-03-12T01:44:06Z", "consumer": 3, "check_out_time": "2013-03-12T01:44:21Z"}}, {"pk": 48, "model": "backend.locationmap", "fields": {"is_deleted": false, "date_modified": "2013-03-12T01:56:48Z", "is_active": false, "check_in_time": "2013-03-12T01:44:21Z", "location": 1, "date_created": "2013-03-12T01:44:21Z", "consumer": 3, "check_out_time": "2013-03-12T01:56:48Z"}}, {"pk": 49, "model": "backend.locationmap", "fields": {"is_deleted": false, "date_modified": "2013-03-12T01:56:58Z", "is_active": false, "check_in_time": "2013-03-12T01:56:48Z", "location": 1, "date_created": "2013-03-12T01:56:48Z", "consumer": 3, "check_out_time": "2013-03-12T01:56:58Z"}}, {"pk": 50, "model": "backend.locationmap", "fields": {"is_deleted": false, "date_modified": "2013-03-12T01:57:03Z", "is_active": false, "check_in_time": "2013-03-12T01:56:58Z", "location": 1, "date_created": "2013-03-12T01:56:58Z", "consumer": 3, "check_out_time": "2013-03-12T01:57:03Z"}}, {"pk": 51, "model": "backend.locationmap", "fields": {"is_deleted": false, "date_modified": "2013-03-12T01:57:12Z", "is_active": false, "check_in_time": "2013-03-12T01:57:03Z", "location": 1, "date_created": "2013-03-12T01:57:03Z", "consumer": 3, "check_out_time": "2013-03-12T01:57:12Z"}}, {"pk": 52, "model": "backend.locationmap", "fields": {"is_deleted": false, "date_modified": "2013-03-12T01:59:40Z", "is_active": false, "check_in_time": "2013-03-12T01:57:12Z", "location": 1, "date_created": "2013-03-12T01:57:12Z", "consumer": 3, "check_out_time": "2013-03-12T01:59:40Z"}}, {"pk": 53, "model": "backend.locationmap", "fields": {"is_deleted": false, "date_modified": "2013-03-12T02:04:51Z", "is_active": false, "check_in_time": "2013-03-12T01:59:40Z", "location": 1, "date_created": "2013-03-12T01:59:40Z", "consumer": 3, "check_out_time": "2013-03-12T02:04:51Z"}}, {"pk": 54, "model": "backend.locationmap", "fields": {"is_deleted": false, "date_modified": "2013-03-12T02:05:17Z", "is_active": false, "check_in_time": "2013-03-12T02:04:51Z", "location": 1, "date_created": "2013-03-12T02:04:51Z", "consumer": 3, "check_out_time": "2013-03-12T02:05:17Z"}}, {"pk": 55, "model": "backend.locationmap", "fields": {"is_deleted": false, "date_modified": "2013-03-12T02:11:04Z", "is_active": false, "check_in_time": "2013-03-12T02:05:17Z", "location": 1, "date_created": "2013-03-12T02:05:17Z", "consumer": 3, "check_out_time": "2013-03-12T02:11:04Z"}}, {"pk": 56, "model": "backend.locationmap", "fields": {"is_deleted": false, "date_modified": "2013-03-12T02:11:26Z", "is_active": false, "check_in_time": "2013-03-12T02:11:04Z", "location": 1, "date_created": "2013-03-12T02:11:04Z", "consumer": 3, "check_out_time": "2013-03-12T02:11:26Z"}}, {"pk": 57, "model": "backend.locationmap", "fields": {"is_deleted": false, "date_modified": "2013-03-12T04:49:53Z", "is_active": false, "check_in_time": "2013-03-12T02:11:26Z", "location": 1, "date_created": "2013-03-12T02:11:26Z", "consumer": 3, "check_out_time": "2013-03-12T04:49:53Z"}}, {"pk": 58, "model": "backend.locationmap", "fields": {"is_deleted": false, "date_modified": "2013-03-12T02:37:14Z", "is_active": false, "check_in_time": "2013-03-12T02:34:37Z", "location": 1, "date_created": "2013-03-12T02:34:37Z", "consumer": 7, "check_out_time": "2013-03-12T02:37:14Z"}}, {"pk": 59, "model": "backend.locationmap", "fields": {"is_deleted": false, "date_modified": "2013-03-12T02:37:14Z", "is_active": true, "check_in_time": "2013-03-12T02:37:14Z", "location": 1, "date_created": "2013-03-12T02:37:14Z", "consumer": 7, "check_out_time": null}}, {"pk": 60, "model": "backend.locationmap", "fields": {"is_deleted": false, "date_modified": "2013-03-12T02:41:52Z", "is_active": true, "check_in_time": "2013-03-12T02:41:52Z", "location": 1, "date_created": "2013-03-12T02:41:52Z", "consumer": 10, "check_out_time": null}}, {"pk": 61, "model": "backend.locationmap", "fields": {"is_deleted": false, "date_modified": "2013-03-12T03:07:14Z", "is_active": true, "check_in_time": "2013-03-12T03:07:14Z", "location": 1, "date_created": "2013-03-12T03:07:14Z", "consumer": 8, "check_out_time": null}}, {"pk": 62, "model": "backend.locationmap", "fields": {"is_deleted": false, "date_modified": "2013-03-12T16:45:35Z", "is_active": false, "check_in_time": "2013-03-12T04:49:53Z", "location": 1, "date_created": "2013-03-12T04:49:53Z", "consumer": 3, "check_out_time": "2013-03-12T16:45:35Z"}}, {"pk": 63, "model": "backend.locationmap", "fields": {"is_deleted": false, "date_modified": "2013-03-12T16:45:35Z", "is_active": true, "check_in_time": "2013-03-12T16:45:35Z", "location": 1, "date_created": "2013-03-12T16:45:35Z", "consumer": 3, "check_out_time": null}}, {"pk": 1, "model": "backend.artist", "fields": {"date_created": "2013-02-01T20:44:24Z", "is_deleted": false, "name": "Justin Bieber", "date_modified": "2013-02-01T20:44:24Z"}}, {"pk": 2, "model": "backend.artist", "fields": {"date_created": "2013-02-01T20:44:24Z", "is_deleted": false, "name": "Pink", "date_modified": "2013-02-01T20:44:24Z"}}, {"pk": 3, "model": "backend.artist", "fields": {"date_created": "2013-02-01T20:44:24Z", "is_deleted": false, "name": "Ke$ha", "date_modified": "2013-02-01T20:44:24Z"}}, {"pk": 4, "model": "backend.artist", "fields": {"date_created": "2013-02-01T20:44:24Z", "is_deleted": false, "name": "Robbie Williams", "date_modified": "2013-02-01T20:44:24Z"}}, {"pk": 5, "model": "backend.artist", "fields": {"date_created": "2013-02-01T20:44:24Z", "is_deleted": false, "name": "Kanye West", "date_modified": "2013-02-01T20:44:24Z"}}, {"pk": 6, "model": "backend.artist", "fields": {"date_created": "2013-02-01T20:44:24Z", "is_deleted": false, "name": "Maroon 5", "date_modified": "2013-02-01T20:44:24Z"}}, {"pk": 7, "model": "backend.artist", "fields": {"date_created": "2013-02-01T20:44:24Z", "is_deleted": false, "name": "Rihanna", "date_modified": "2013-02-01T20:44:24Z"}}, {"pk": 8, "model": "backend.artist", "fields": {"date_created": "2013-02-01T20:44:24Z", "is_deleted": false, "name": "Tyga", "date_modified": "2013-02-01T20:44:24Z"}}, {"pk": 9, "model": "backend.artist", "fields": {"date_created": "2013-02-01T20:44:24Z", "is_deleted": false, "name": "Swedish House Mafia", "date_modified": "2013-02-01T20:44:24Z"}}, {"pk": 10, "model": "backend.artist", "fields": {"date_created": "2013-02-01T20:44:24Z", "is_deleted": false, "name": "Pitbull", "date_modified": "2013-02-01T20:44:24Z"}}, {"pk": 11, "model": "backend.artist", "fields": {"date_created": "2013-02-01T20:44:24Z", "is_deleted": false, "name": "Calvin Harris", "date_modified": "2013-02-01T20:44:24Z"}}, {"pk": 12, "model": "backend.artist", "fields": {"date_created": "2013-02-01T20:44:24Z", "is_deleted": false, "name": "Nickelback", "date_modified": "2013-02-01T20:44:24Z"}}, {"pk": 13, "model": "backend.artist", "fields": {"date_created": "2013-02-01T20:44:24Z", "is_deleted": false, "name": "Psy", "date_modified": "2013-02-01T20:44:24Z"}}, {"pk": 14, "model": "backend.artist", "fields": {"date_created": "2013-02-01T20:44:24Z", "is_deleted": false, "name": "Alicia Keys", "date_modified": "2013-02-01T20:44:24Z"}}, {"pk": 15, "model": "backend.artist", "fields": {"date_created": "2013-02-01T20:44:24Z", "is_deleted": false, "name": "Flo Rida", "date_modified": "2013-02-01T20:44:24Z"}}, {"pk": 16, "model": "backend.artist", "fields": {"date_created": "2013-02-01T20:44:24Z", "is_deleted": false, "name": "Anne Hathaway", "date_modified": "2013-02-01T20:44:24Z"}}, {"pk": 17, "model": "backend.artist", "fields": {"date_created": "2013-02-01T20:44:24Z", "is_deleted": false, "name": "Taylor Swift", "date_modified": "2013-02-01T20:44:24Z"}}, {"pk": 18, "model": "backend.artist", "fields": {"date_created": "2013-02-01T20:44:24Z", "is_deleted": false, "name": "Bruno Mars", "date_modified": "2013-02-01T20:44:24Z"}}, {"pk": 19, "model": "backend.artist", "fields": {"date_created": "2013-02-01T20:44:24Z", "is_deleted": false, "name": "David Guetta", "date_modified": "2013-02-01T20:44:24Z"}}, {"pk": 20, "model": "backend.artist", "fields": {"date_created": "2013-02-01T20:44:24Z", "is_deleted": false, "name": "One direction", "date_modified": "2013-02-01T20:44:24Z"}}, {"pk": 21, "model": "backend.artist", "fields": {"date_created": "2013-02-01T20:44:24Z", "is_deleted": false, "name": "Flo Rida", "date_modified": "2013-02-01T20:44:24Z"}}, {"pk": 22, "model": "backend.artist", "fields": {"date_created": "2013-02-01T20:44:24Z", "is_deleted": false, "name": "Avicii", "date_modified": "2013-02-01T20:44:24Z"}}, {"pk": 23, "model": "backend.artist", "fields": {"date_created": "2013-02-01T20:44:24Z", "is_deleted": false, "name": "Bruno Mars", "date_modified": "2013-02-01T20:44:24Z"}}, {"pk": 24, "model": "backend.artist", "fields": {"date_created": "2013-02-01T20:44:24Z", "is_deleted": false, "name": "Beyonce", "date_modified": "2013-02-01T20:44:24Z"}}, {"pk": 25, "model": "backend.artist", "fields": {"date_created": "2013-02-01T20:44:24Z", "is_deleted": false, "name": "Lady Gaga", "date_modified": "2013-02-01T20:44:24Z"}}, {"pk": 26, "model": "backend.artist", "fields": {"date_created": "2013-02-01T20:44:24Z", "is_deleted": false, "name": "The Eagles", "date_modified": "2013-02-01T20:44:24Z"}}, {"pk": 27, "model": "backend.artist", "fields": {"date_created": "2013-02-01T20:44:24Z", "is_deleted": false, "name": "50 cent", "date_modified": "2013-02-01T20:44:24Z"}}, {"pk": 28, "model": "backend.artist", "fields": {"date_created": "2013-02-01T20:44:24Z", "is_deleted": false, "name": "Coldplay", "date_modified": "2013-02-01T20:44:24Z"}}, {"pk": 29, "model": "backend.artist", "fields": {"date_created": "2013-02-01T20:44:24Z", "is_deleted": false, "name": "Skrillex", "date_modified": "2013-02-01T20:44:24Z"}}, {"pk": 30, "model": "backend.artist", "fields": {"date_created": "2013-02-01T20:44:24Z", "is_deleted": false, "name": "will.i.am", "date_modified": "2013-02-01T20:44:24Z"}}, {"pk": 31, "model": "backend.artist", "fields": {"date_created": "2013-02-01T20:44:24Z", "is_deleted": false, "name": "Adele", "date_modified": "2013-02-01T20:44:24Z"}}, {"pk": 32, "model": "backend.artist", "fields": {"date_created": "2013-02-01T20:44:24Z", "is_deleted": false, "name": "Artist", "date_modified": "2013-02-01T20:44:24Z"}}, {"pk": 33, "model": "backend.artist", "fields": {"date_created": "2013-02-01T20:44:24Z", "is_deleted": false, "name": "Justin Timberlake", "date_modified": "2013-02-01T20:44:24Z"}}, {"pk": 34, "model": "backend.artist", "fields": {"date_created": "2013-02-01T20:44:24Z", "is_deleted": false, "name": "Calvin Harris", "date_modified": "2013-02-01T20:44:24Z"}}, {"pk": 35, "model": "backend.artist", "fields": {"date_created": "2013-02-01T20:44:24Z", "is_deleted": false, "name": "Pendulum", "date_modified": "2013-02-01T20:44:24Z"}}, {"pk": 36, "model": "backend.artist", "fields": {"date_created": "2013-02-01T20:44:24Z", "is_deleted": false, "name": "Katy Perry", "date_modified": "2013-02-01T20:44:24Z"}}, {"pk": 37, "model": "backend.artist", "fields": {"date_created": "2013-02-01T20:44:24Z", "is_deleted": false, "name": "U2", "date_modified": "2013-02-01T20:44:24Z"}}, {"pk": 38, "model": "backend.artist", "fields": {"date_created": "2013-02-01T20:44:24Z", "is_deleted": false, "name": "Miley Cyrus", "date_modified": "2013-02-01T20:44:24Z"}}, {"pk": 39, "model": "backend.artist", "fields": {"date_created": "2013-02-01T20:44:24Z", "is_deleted": false, "name": "Bon Jovi", "date_modified": "2013-02-01T20:44:24Z"}}, {"pk": 40, "model": "backend.artist", "fields": {"date_created": "2013-02-01T20:44:24Z", "is_deleted": false, "name": "Don Omar", "date_modified": "2013-02-01T20:44:24Z"}}, {"pk": 41, "model": "backend.artist", "fields": {"date_created": "2013-02-01T20:44:24Z", "is_deleted": false, "name": "Psy", "date_modified": "2013-02-01T20:44:24Z"}}, {"pk": 1, "model": "backend.album", "fields": {"is_deleted": false, "name": "Angel Single", "date_modified": "2013-02-01T20:44:43Z", "image_latest_rev": null, "image_URL": null, "date_created": "2013-02-01T20:44:43Z"}}, {"pk": 2, "model": "backend.album", "fields": {"is_deleted": false, "name": "Freedom", "date_modified": "2013-02-01T20:44:43Z", "image_latest_rev": null, "image_URL": null, "date_created": "2013-02-01T20:44:43Z"}}, {"pk": 3, "model": "backend.album", "fields": {"is_deleted": false, "name": "Believe", "date_modified": "2013-02-01T20:44:43Z", "image_latest_rev": null, "image_URL": null, "date_created": "2013-02-01T20:44:43Z"}}, {"pk": 4, "model": "backend.album", "fields": {"is_deleted": false, "name": "The Truth About Love", "date_modified": "2013-02-01T20:44:43Z", "image_latest_rev": null, "image_URL": null, "date_created": "2013-02-01T20:44:43Z"}}, {"pk": 5, "model": "backend.album", "fields": {"is_deleted": false, "name": "Warrior", "date_modified": "2013-02-01T20:44:43Z", "image_latest_rev": null, "image_URL": null, "date_created": "2013-02-01T20:44:43Z"}}, {"pk": 6, "model": "backend.album", "fields": {"is_deleted": false, "name": "Take the Crown", "date_modified": "2013-02-01T20:44:43Z", "image_latest_rev": null, "image_URL": null, "date_created": "2013-02-01T20:44:43Z"}}, {"pk": 7, "model": "backend.album", "fields": {"is_deleted": false, "name": "Clique", "date_modified": "2013-02-01T20:44:43Z", "image_latest_rev": null, "image_URL": null, "date_created": "2013-02-01T20:44:43Z"}}, {"pk": 8, "model": "backend.album", "fields": {"is_deleted": false, "name": "Unapologetic", "date_modified": "2013-02-01T20:44:43Z", "image_latest_rev": null, "image_URL": null, "date_created": "2013-02-01T20:44:43Z"}}, {"pk": 9, "model": "backend.album", "fields": {"is_deleted": false, "name": "Warrior", "date_modified": "2013-02-01T20:44:43Z", "image_latest_rev": null, "image_URL": null, "date_created": "2013-02-01T20:44:43Z"}}, {"pk": 10, "model": "backend.album", "fields": {"is_deleted": false, "name": "Well Done 3", "date_modified": "2013-02-01T20:44:43Z", "image_latest_rev": null, "image_URL": null, "date_created": "2013-02-01T20:44:43Z"}}, {"pk": 11, "model": "backend.album", "fields": {"is_deleted": false, "name": "Until Now", "date_modified": "2013-02-01T20:44:43Z", "image_latest_rev": null, "image_URL": null, "date_created": "2013-02-01T20:44:43Z"}}, {"pk": 12, "model": "backend.album", "fields": {"is_deleted": false, "name": "Global Warming", "date_modified": "2013-02-01T20:44:43Z", "image_latest_rev": null, "image_URL": null, "date_created": "2013-02-01T20:44:43Z"}}, {"pk": 13, "model": "backend.album", "fields": {"is_deleted": false, "name": "18 Months", "date_modified": "2013-02-01T20:44:43Z", "image_latest_rev": null, "image_URL": null, "date_created": "2013-02-01T20:44:43Z"}}, {"pk": 14, "model": "backend.album", "fields": {"is_deleted": false, "name": "All The Right Reasons", "date_modified": "2013-02-01T20:44:43Z", "image_latest_rev": null, "image_URL": null, "date_created": "2013-02-01T20:44:43Z"}}, {"pk": 15, "model": "backend.album", "fields": {"is_deleted": false, "name": "PSY 6", "date_modified": "2013-03-12T06:15:30Z", "image_latest_rev": 1, "image_URL": "http://api.soundit.ca/static/album/psy_psy6.jpg", "date_created": "2013-02-01T20:44:43Z"}}, {"pk": 16, "model": "backend.album", "fields": {"is_deleted": false, "name": "Girl on Fire", "date_modified": "2013-02-01T20:44:43Z", "image_latest_rev": null, "image_URL": null, "date_created": "2013-02-01T20:44:43Z"}}, {"pk": 17, "model": "backend.album", "fields": {"is_deleted": false, "name": "Wild Ones", "date_modified": "2013-02-01T20:44:43Z", "image_latest_rev": null, "image_URL": null, "date_created": "2013-02-01T20:44:43Z"}}, {"pk": 18, "model": "backend.album", "fields": {"is_deleted": false, "name": "Les Miserables", "date_modified": "2013-02-01T20:44:43Z", "image_latest_rev": null, "image_URL": null, "date_created": "2013-02-01T20:44:43Z"}}, {"pk": 19, "model": "backend.album", "fields": {"is_deleted": false, "name": "Red", "date_modified": "2013-02-01T20:44:43Z", "image_latest_rev": null, "image_URL": null, "date_created": "2013-02-01T20:44:43Z"}}, {"pk": 20, "model": "backend.album", "fields": {"is_deleted": false, "name": "The Twilight Sage: Breaking Dawn", "date_modified": "2013-02-01T20:44:43Z", "image_latest_rev": null, "image_URL": null, "date_created": "2013-02-01T20:44:43Z"}}, {"pk": 21, "model": "backend.album", "fields": {"is_deleted": false, "name": "Nothing but the Beat", "date_modified": "2013-02-01T20:44:43Z", "image_latest_rev": null, "image_URL": null, "date_created": "2013-02-01T20:44:43Z"}}, {"pk": 22, "model": "backend.album", "fields": {"is_deleted": false, "name": "Take Me Home", "date_modified": "2013-02-01T20:44:43Z", "image_latest_rev": null, "image_URL": null, "date_created": "2013-02-01T20:44:43Z"}}, {"pk": 23, "model": "backend.album", "fields": {"is_deleted": false, "name": "Wild Ones", "date_modified": "2013-02-01T20:44:43Z", "image_latest_rev": null, "image_URL": null, "date_created": "2013-02-01T20:44:43Z"}}, {"pk": 24, "model": "backend.album", "fields": {"is_deleted": false, "name": "Serious Things", "date_modified": "2013-02-01T20:44:43Z", "image_latest_rev": null, "image_URL": null, "date_created": "2013-02-01T20:44:43Z"}}, {"pk": 25, "model": "backend.album", "fields": {"is_deleted": false, "name": "Unorthodox Jukebox", "date_modified": "2013-02-01T20:44:43Z", "image_latest_rev": null, "image_URL": null, "date_created": "2013-02-01T20:44:43Z"}}, {"pk": 26, "model": "backend.album", "fields": {"is_deleted": false, "name": "4", "date_modified": "2013-02-01T20:44:43Z", "image_latest_rev": null, "image_URL": null, "date_created": "2013-02-01T20:44:43Z"}}, {"pk": 27, "model": "backend.album", "fields": {"is_deleted": false, "name": "Born This Way", "date_modified": "2013-02-01T20:44:43Z", "image_latest_rev": null, "image_URL": null, "date_created": "2013-02-01T20:44:43Z"}}, {"pk": 28, "model": "backend.album", "fields": {"is_deleted": false, "name": "Hands All Over", "date_modified": "2013-02-01T20:44:43Z", "image_latest_rev": null, "image_URL": null, "date_created": "2013-02-01T20:44:43Z"}}, {"pk": 29, "model": "backend.album", "fields": {"is_deleted": false, "name": "Street King Immortal", "date_modified": "2013-02-01T20:44:43Z", "image_latest_rev": null, "image_URL": null, "date_created": "2013-02-01T20:44:43Z"}}, {"pk": 30, "model": "backend.album", "fields": {"is_deleted": false, "name": "Overexposed", "date_modified": "2013-02-01T20:44:43Z", "image_latest_rev": null, "image_URL": null, "date_created": "2013-02-01T20:44:43Z"}}, {"pk": 31, "model": "backend.album", "fields": {"is_deleted": false, "name": "Mylo Xyloto", "date_modified": "2013-02-01T20:44:43Z", "image_latest_rev": null, "image_URL": null, "date_created": "2013-02-01T20:44:43Z"}}, {"pk": 32, "model": "backend.album", "fields": {"is_deleted": false, "name": "Overexposed", "date_modified": "2013-02-01T20:44:43Z", "image_latest_rev": null, "image_URL": null, "date_created": "2013-02-01T20:44:43Z"}}, {"pk": 33, "model": "backend.album", "fields": {"is_deleted": false, "name": "Freedom", "date_modified": "2013-02-01T20:44:43Z", "image_latest_rev": null, "image_URL": null, "date_created": "2013-02-01T20:44:43Z"}}, {"pk": 34, "model": "backend.album", "fields": {"is_deleted": false, "name": "Scary Monsters and Nice Spirits", "date_modified": "2013-02-01T20:44:43Z", "image_latest_rev": null, "image_URL": null, "date_created": "2013-02-01T20:44:43Z"}}, {"pk": 35, "model": "backend.album", "fields": {"is_deleted": false, "name": "willpower", "date_modified": "2013-02-01T20:44:43Z", "image_latest_rev": null, "image_URL": null, "date_created": "2013-02-01T20:44:43Z"}}, {"pk": 36, "model": "backend.album", "fields": {"is_deleted": false, "name": "One More Love", "date_modified": "2013-02-01T20:44:43Z", "image_latest_rev": null, "image_URL": null, "date_created": "2013-02-01T20:44:43Z"}}, {"pk": 37, "model": "backend.album", "fields": {"is_deleted": false, "name": "21", "date_modified": "2013-02-01T20:44:43Z", "image_latest_rev": null, "image_URL": null, "date_created": "2013-02-01T20:44:43Z"}}, {"pk": 38, "model": "backend.album", "fields": {"is_deleted": false, "name": "Konvicted", "date_modified": "2013-03-12T06:15:40Z", "image_latest_rev": 1, "image_URL": "http://api.soundit.ca/static/album/akon_konvicted.jpg", "date_created": "2013-02-01T20:44:43Z"}}, {"pk": 39, "model": "backend.album", "fields": {"is_deleted": false, "name": "The 20/20 Experience", "date_modified": "2013-02-01T20:44:43Z", "image_latest_rev": null, "image_URL": null, "date_created": "2013-02-01T20:44:43Z"}}, {"pk": 40, "model": "backend.album", "fields": {"is_deleted": false, "name": "18 Months", "date_modified": "2013-02-01T20:44:43Z", "image_latest_rev": null, "image_URL": null, "date_created": "2013-02-01T20:44:43Z"}}, {"pk": 41, "model": "backend.album", "fields": {"is_deleted": false, "name": "Immersion", "date_modified": "2013-02-01T20:44:43Z", "image_latest_rev": null, "image_URL": null, "date_created": "2013-02-01T20:44:43Z"}}, {"pk": 42, "model": "backend.album", "fields": {"is_deleted": false, "name": "Teenage Dream", "date_modified": "2013-02-01T20:44:43Z", "image_latest_rev": null, "image_URL": null, "date_created": "2013-02-01T20:44:43Z"}}, {"pk": 43, "model": "backend.album", "fields": {"is_deleted": false, "name": "Try", "date_modified": "2013-02-01T20:44:43Z", "image_latest_rev": null, "image_URL": null, "date_created": "2013-02-01T20:44:43Z"}}, {"pk": 44, "model": "backend.album", "fields": {"is_deleted": false, "name": "We Are Never Getting Back Together", "date_modified": "2013-02-01T20:44:43Z", "image_latest_rev": null, "image_URL": null, "date_created": "2013-02-01T20:44:43Z"}}, {"pk": 45, "model": "backend.album", "fields": {"is_deleted": false, "name": "Talk That Talk", "date_modified": "2013-02-01T20:44:43Z", "image_latest_rev": null, "image_URL": null, "date_created": "2013-02-01T20:44:43Z"}}, {"pk": 46, "model": "backend.album", "fields": {"is_deleted": false, "name": "Up All Night", "date_modified": "2013-02-01T20:44:43Z", "image_latest_rev": null, "image_URL": null, "date_created": "2013-02-01T20:44:43Z"}}, {"pk": 47, "model": "backend.album", "fields": {"is_deleted": false, "name": "Trilogy", "date_modified": "2013-02-01T20:44:43Z", "image_latest_rev": null, "image_URL": null, "date_created": "2013-02-01T20:44:43Z"}}, {"pk": 48, "model": "backend.album", "fields": {"is_deleted": false, "name": "Nothing But The Beat", "date_modified": "2013-02-01T20:44:43Z", "image_latest_rev": null, "image_URL": null, "date_created": "2013-02-01T20:44:43Z"}}, {"pk": 49, "model": "backend.album", "fields": {"is_deleted": false, "name": "Meet the Orphans", "date_modified": null, "image_latest_rev": null, "image_URL": null, "date_created": null}}, {"pk": 50, "model": "backend.album", "fields": {"is_deleted": false, "name": "All That You Can't Leave Behind", "date_modified": null, "image_latest_rev": null, "image_URL": null, "date_created": null}}, {"pk": 51, "model": "backend.album", "fields": {"is_deleted": false, "name": "The Time of Our Lives", "date_modified": null, "image_latest_rev": null, "image_URL": null, "date_created": null}}, {"pk": 52, "model": "backend.album", "fields": {"is_deleted": false, "name": "Hotel California", "date_modified": null, "image_latest_rev": null, "image_URL": null, "date_created": null}}, {"pk": 53, "model": "backend.album", "fields": {"is_deleted": false, "name": "Slippery When Wet", "date_modified": null, "image_latest_rev": null, "image_URL": null, "date_created": null}}, {"pk": 54, "model": "backend.album", "fields": {"is_deleted": false, "name": "Thriller", "date_modified": null, "image_latest_rev": null, "image_URL": null, "date_created": null}}, {"pk": 55, "model": "backend.album", "fields": {"is_deleted": false, "name": "Skyfall", "date_modified": null, "image_latest_rev": null, "image_URL": null, "date_created": null}}, {"pk": 1, "model": "backend.musiccategory", "fields": {"date_created": "2013-02-01T20:43:24Z", "is_deleted": false, "name": "Afrobeat", "date_modified": "2013-02-01T20:43:24Z"}}, {"pk": 2, "model": "backend.musiccategory", "fields": {"date_created": "2013-02-01T20:43:24Z", "is_deleted": false, "name": "Blues", "date_modified": "2013-02-01T20:43:24Z"}}, {"pk": 3, "model": "backend.musiccategory", "fields": {"date_created": "2013-02-01T20:43:24Z", "is_deleted": false, "name": "Country", "date_modified": "2013-02-01T20:43:24Z"}}, {"pk": 4, "model": "backend.musiccategory", "fields": {"date_created": "2013-02-01T20:43:24Z", "is_deleted": false, "name": "Lounge", "date_modified": "2013-02-01T20:43:24Z"}}, {"pk": 5, "model": "backend.musiccategory", "fields": {"date_created": "2013-02-01T20:43:24Z", "is_deleted": false, "name": "Electronic", "date_modified": "2013-02-01T20:43:24Z"}}, {"pk": 6, "model": "backend.musiccategory", "fields": {"date_created": "2013-02-01T20:43:24Z", "is_deleted": false, "name": "Hip Hop", "date_modified": "2013-02-01T20:43:24Z"}}, {"pk": 7, "model": "backend.musiccategory", "fields": {"date_created": "2013-02-01T20:43:24Z", "is_deleted": false, "name": "Pop", "date_modified": "2013-02-01T20:43:24Z"}}, {"pk": 8, "model": "backend.musiccategory", "fields": {"date_created": "2013-02-01T20:43:24Z", "is_deleted": false, "name": "R&B", "date_modified": "2013-02-01T20:43:24Z"}}, {"pk": 9, "model": "backend.musiccategory", "fields": {"date_created": "2013-02-01T20:43:24Z", "is_deleted": false, "name": "Rock", "date_modified": "2013-02-01T20:43:24Z"}}, {"pk": 10, "model": "backend.musiccategory", "fields": {"date_created": "2013-02-01T20:43:24Z", "is_deleted": false, "name": "Contemporary", "date_modified": "2013-02-01T20:43:24Z"}}, {"pk": 11, "model": "backend.musiccategory", "fields": {"date_created": "2013-02-01T20:43:24Z", "is_deleted": false, "name": "Dubstep", "date_modified": "2013-02-01T20:43:24Z"}}, {"pk": 12, "model": "backend.musiccategory", "fields": {"date_created": "2013-02-01T20:43:24Z", "is_deleted": false, "name": "Jazz", "date_modified": "2013-02-01T20:43:24Z"}}, {"pk": 13, "model": "backend.musiccategory", "fields": {"date_created": "2013-02-01T20:43:24Z", "is_deleted": false, "name": "K-pop", "date_modified": "2013-02-01T20:43:24Z"}}, {"pk": 14, "model": "backend.musiccategory", "fields": {"date_created": null, "is_deleted": false, "name": "Bollywood", "date_modified": "2013-03-13T06:31:49Z"}}, {"pk": 1, "model": "backend.musictrack", "fields": {"album": 49, "category": 3, "track_latest_rev": null, "is_deleted": false, "name": "Danza Kuduro", "artist": 40, "is_popular": false, "track_URL": "none", "date_modified": "2013-02-01T20:43:04Z", "date_created": "2013-02-01T20:43:04Z"}}, {"pk": 2, "model": "backend.musictrack", "fields": {"album": 50, "category": 7, "track_latest_rev": null, "is_deleted": false, "name": "Beautiful Day", "artist": 37, "is_popular": false, "track_URL": "none", "date_modified": "2013-02-01T20:43:04Z", "date_created": "2013-02-01T20:43:04Z"}}, {"pk": 3, "model": "backend.musictrack", "fields": {"album": 45, "category": 7, "track_latest_rev": null, "is_deleted": false, "name": "We Found Love", "artist": 7, "is_popular": false, "track_URL": "none", "date_modified": "2013-02-01T20:43:04Z", "date_created": "2013-02-01T20:43:04Z"}}, {"pk": 4, "model": "backend.musictrack", "fields": {"album": 15, "category": 4, "track_latest_rev": 1, "is_deleted": false, "name": "Gangnam Style", "artist": 41, "is_popular": false, "track_URL": "none", "date_modified": "2013-03-12T06:17:20Z", "date_created": null}}, {"pk": 5, "model": "backend.musictrack", "fields": {"album": 51, "category": 5, "track_latest_rev": null, "is_deleted": false, "name": "Party in the USA", "artist": 38, "is_popular": false, "track_URL": "", "date_modified": "2013-03-13T06:31:49Z", "date_created": null}}, {"pk": 6, "model": "backend.musictrack", "fields": {"album": 28, "category": 2, "track_latest_rev": null, "is_deleted": false, "name": "Moves Like Jagger", "artist": 6, "is_popular": false, "track_URL": "", "date_modified": "2013-03-13T06:31:49Z", "date_created": null}}, {"pk": 7, "model": "backend.musictrack", "fields": {"album": 52, "category": 2, "track_latest_rev": null, "is_deleted": false, "name": "Hotel California", "artist": 26, "is_popular": false, "track_URL": "", "date_modified": "2013-03-13T06:31:49Z", "date_created": null}}, {"pk": 8, "model": "backend.musictrack", "fields": {"album": 53, "category": 3, "track_latest_rev": null, "is_deleted": false, "name": "Livin on a Prayer", "artist": 39, "is_popular": false, "track_URL": "", "date_modified": "2013-03-13T06:31:49Z", "date_created": null}}, {"pk": 9, "model": "backend.musictrack", "fields": {"album": 54, "category": 4, "track_latest_rev": null, "is_deleted": false, "name": "Billie Jean", "artist": 12, "is_popular": false, "track_URL": "", "date_modified": "2013-03-13T06:31:49Z", "date_created": null}}, {"pk": 10, "model": "backend.musictrack", "fields": {"album": 55, "category": 5, "track_latest_rev": 2, "is_deleted": false, "name": "Skyfall", "artist": 31, "is_popular": true, "track_URL": "230", "date_modified": "2013-03-12T23:30:41Z", "date_created": null}}, {"pk": 13, "model": "backend.musictrack", "fields": {"album": 14, "category": 6, "track_latest_rev": null, "is_deleted": false, "name": "Just One Last Time", "artist": 14, "is_popular": false, "track_URL": "", "date_modified": "2013-03-13T06:31:49Z", "date_created": null}}, {"pk": 14, "model": "backend.musictrack", "fields": {"album": 15, "category": 6, "track_latest_rev": null, "is_deleted": false, "name": "Locked Out Of Heaven", "artist": 15, "is_popular": false, "track_URL": "", "date_modified": "2013-03-13T06:31:49Z", "date_created": null}}, {"pk": 1, "model": "backend.playlist", "fields": {"date_created": "2013-02-01T20:42:43Z", "is_deleted": false, "is_active": true, "location": 1, "date_modified": "2013-03-09T22:03:34Z"}}, {"pk": 48, "model": "backend.playlistitem", "fields": {"date_modified": "2013-03-13T07:16:51Z", "playlist": 1, "is_deleted": false, "music_track": 7, "rank_played": 0, "votes": 0, "current_ranking": 0, "date_created": "2013-03-11T01:29:09Z", "item_state": 1}}, {"pk": 49, "model": "backend.playlistitem", "fields": {"date_modified": "2013-03-13T07:17:44Z", "playlist": 1, "is_deleted": false, "music_track": 3, "rank_played": -1, "votes": 2, "current_ranking": 1, "date_created": "2013-03-11T01:32:13Z", "item_state": 2}}, {"pk": 50, "model": "backend.playlistitem", "fields": {"date_modified": "2013-03-13T07:17:29Z", "playlist": 1, "is_deleted": false, "music_track": 10, "rank_played": -1, "votes": 2, "current_ranking": 1, "date_created": "2013-03-11T01:33:54Z", "item_state": 2}}, {"pk": 51, "model": "backend.playlistitem", "fields": {"date_modified": "2013-03-13T07:17:14Z", "playlist": 1, "is_deleted": false, "music_track": 8, "rank_played": -1, "votes": 2, "current_ranking": 1, "date_created": "2013-03-11T04:29:06Z", "item_state": 2}}, {"pk": 52, "model": "backend.playlistitem", "fields": {"date_modified": "2013-03-13T07:18:01Z", "playlist": 1, "is_deleted": false, "music_track": 1, "rank_played": -1, "votes": 1, "current_ranking": 1, "date_created": "2013-03-11T21:47:04Z", "item_state": 2}}, {"pk": 53, "model": "backend.playlistitem", "fields": {"date_modified": "2013-03-13T07:18:18Z", "playlist": 1, "is_deleted": false, "music_track": 2, "rank_played": -1, "votes": 0, "current_ranking": 1, "date_created": "2013-03-11T21:47:38Z", "item_state": 2}}, {"pk": 54, "model": "backend.playlistitem", "fields": {"date_modified": "2013-03-13T07:19:03Z", "playlist": 1, "is_deleted": false, "music_track": 5, "rank_played": -1, "votes": 0, "current_ranking": 1, "date_created": "2013-03-11T21:47:51Z", "item_state": 2}}, {"pk": 55, "model": "backend.playlistitem", "fields": {"date_modified": "2013-03-13T07:18:48Z", "playlist": 1, "is_deleted": false, "music_track": 6, "rank_played": -1, "votes": 0, "current_ranking": 1, "date_created": "2013-03-11T21:47:58Z", "item_state": 2}}, {"pk": 56, "model": "backend.playlistitem", "fields": {"date_modified": "2013-03-13T07:18:33Z", "playlist": 1, "is_deleted": false, "music_track": 4, "rank_played": -1, "votes": 0, "current_ranking": 1, "date_created": "2013-03-11T21:49:01Z", "item_state": 2}}, {"pk": 17, "model": "backend.vote", "fields": {"playlist_item": 50, "date_modified": "2013-03-11T01:44:20Z", "consumer": 11, "is_deleted": false, "date_created": "2013-03-11T01:44:20Z"}}, {"pk": 18, "model": "backend.vote", "fields": {"playlist_item": 49, "date_modified": "2013-03-11T04:01:34Z", "consumer": 3, "is_deleted": false, "date_created": "2013-03-11T04:01:34Z"}}, {"pk": 19, "model": "backend.vote", "fields": {"playlist_item": 49, "date_modified": "2013-03-11T17:18:47Z", "consumer": 10, "is_deleted": false, "date_created": "2013-03-11T17:18:47Z"}}, {"pk": 20, "model": "backend.vote", "fields": {"playlist_item": 51, "date_modified": "2013-03-11T17:19:00Z", "consumer": 10, "is_deleted": false, "date_created": "2013-03-11T17:19:00Z"}}, {"pk": 21, "model": "backend.vote", "fields": {"playlist_item": 50, "date_modified": "2013-03-11T17:19:02Z", "consumer": 10, "is_deleted": false, "date_created": "2013-03-11T17:19:02Z"}}, {"pk": 22, "model": "backend.vote", "fields": {"playlist_item": 52, "date_modified": "2013-03-11T21:48:48Z", "consumer": 10, "is_deleted": false, "date_created": "2013-03-11T21:48:48Z"}}, {"pk": 23, "model": "backend.vote", "fields": {"playlist_item": 51, "date_modified": "2013-03-12T02:40:37Z", "consumer": 7, "is_deleted": false, "date_created": "2013-03-12T02:40:37Z"}}]