[{"pk": 1, "model": "backend.customer", "fields": {"is_deleted": false, "date_modified": "2013-02-06T22:37:15Z", "email_address": "anuj@soundit.ca", "date_created": "2013-02-06T22:37:15Z", "password": "02b31057a8571be94458daa3fe170719", "salt": "69", "device_id": null}}, {"pk": 1, "model": "backend.location", "fields": {"customer": 1, "phone_number": "(604) 441-2685", "is_deleted": false, "name": "The Pit", "date_modified": "2013-02-06T22:37:15Z", "location": "UBC, Vancouver", "date_created": "2013-02-06T22:37:15Z"}}, {"pk": 1, "model": "backend.artist", "fields": {"date_created": "2013-02-06T22:37:51Z", "is_deleted": false, "name": "Pink", "date_modified": "2013-02-06T22:37:51Z"}}, {"pk": 2, "model": "backend.artist", "fields": {"date_created": "2013-02-06T22:37:51Z", "is_deleted": false, "name": "Foster The People", "date_modified": "2013-02-06T22:37:51Z"}}, {"pk": 3, "model": "backend.artist", "fields": {"date_created": "2013-02-06T22:37:51Z", "is_deleted": false, "name": "Nicki Minaj", "date_modified": "2013-02-06T22:37:51Z"}}, {"pk": 4, "model": "backend.artist", "fields": {"date_created": "2013-02-06T22:37:51Z", "is_deleted": false, "name": "Beyonce", "date_modified": "2013-02-06T22:37:51Z"}}, {"pk": 5, "model": "backend.artist", "fields": {"date_created": "2013-02-06T22:37:51Z", "is_deleted": false, "name": "Rihanna", "date_modified": "2013-02-06T22:37:51Z"}}, {"pk": 6, "model": "backend.artist", "fields": {"date_created": "2013-02-06T22:37:51Z", "is_deleted": false, "name": "Avicii", "date_modified": "2013-02-06T22:37:51Z"}}, {"pk": 7, "model": "backend.artist", "fields": {"date_created": "2013-02-06T22:37:51Z", "is_deleted": false, "name": "The Weeknd", "date_modified": "2013-02-06T22:37:51Z"}}, {"pk": 8, "model": "backend.artist", "fields": {"date_created": "2013-02-06T22:37:51Z", "is_deleted": false, "name": "Alicia Keys", "date_modified": "2013-02-06T22:37:51Z"}}, {"pk": 9, "model": "backend.artist", "fields": {"date_created": "2013-02-06T22:37:51Z", "is_deleted": false, "name": "David Guetta & Sia", "date_modified": "2013-02-06T22:37:51Z"}}, {"pk": 10, "model": "backend.artist", "fields": {"date_created": "2013-02-06T22:37:51Z", "is_deleted": false, "name": "Blink-182", "date_modified": "2013-02-06T22:37:51Z"}}, {"pk": 11, "model": "backend.artist", "fields": {"date_created": "2013-02-06T22:37:51Z", "is_deleted": false, "name": "50 cent", "date_modified": "2013-02-06T22:37:51Z"}}, {"pk": 12, "model": "backend.artist", "fields": {"date_created": "2013-02-06T22:37:51Z", "is_deleted": false, "name": "Eminem", "date_modified": "2013-02-06T22:37:51Z"}}, {"pk": 13, "model": "backend.artist", "fields": {"date_created": "2013-02-06T22:37:51Z", "is_deleted": false, "name": "Nirvana", "date_modified": "2013-02-06T22:37:51Z"}}, {"pk": 14, "model": "backend.artist", "fields": {"date_created": "2013-02-06T22:37:51Z", "is_deleted": false, "name": "Green Day", "date_modified": "2013-02-06T22:37:51Z"}}, {"pk": 15, "model": "backend.artist", "fields": {"date_created": "2013-02-06T22:37:51Z", "is_deleted": false, "name": "Psy", "date_modified": "2013-02-06T22:37:51Z"}}, {"pk": 16, "model": "backend.artist", "fields": {"date_created": "2013-02-06T22:37:51Z", "is_deleted": false, "name": "Breaking Benjamin", "date_modified": "2013-02-06T22:37:51Z"}}, {"pk": 17, "model": "backend.artist", "fields": {"date_created": "2013-02-06T22:37:51Z", "is_deleted": false, "name": "Carly Rae Jepsen", "date_modified": "2013-02-06T22:37:51Z"}}, {"pk": 18, "model": "backend.artist", "fields": {"date_created": "2013-02-06T22:37:51Z", "is_deleted": false, "name": "Drake", "date_modified": "2013-02-06T22:37:51Z"}}, {"pk": 19, "model": "backend.artist", "fields": {"date_created": "2013-02-06T22:37:51Z", "is_deleted": false, "name": "The Black Keys", "date_modified": "2013-02-06T22:37:51Z"}}, {"pk": 20, "model": "backend.artist", "fields": {"date_created": "2013-02-06T22:37:51Z", "is_deleted": false, "name": "Alesso & Dirty South", "date_modified": "2013-02-06T22:37:51Z"}}, {"pk": 21, "model": "backend.artist", "fields": {"date_created": "2013-02-06T22:37:51Z", "is_deleted": false, "name": "MGMT", "date_modified": "2013-02-06T22:37:51Z"}}, {"pk": 22, "model": "backend.artist", "fields": {"date_created": "2013-02-06T22:37:51Z", "is_deleted": false, "name": "Sublime", "date_modified": "2013-02-06T22:37:51Z"}}, {"pk": 23, "model": "backend.artist", "fields": {"date_created": "2013-02-06T22:37:51Z", "is_deleted": false, "name": "The Strokes", "date_modified": "2013-02-06T22:37:51Z"}}, {"pk": 24, "model": "backend.artist", "fields": {"date_created": "2013-02-06T22:37:51Z", "is_deleted": false, "name": "Pendulum", "date_modified": "2013-02-06T22:37:51Z"}}, {"pk": 25, "model": "backend.artist", "fields": {"date_created": "2013-02-06T22:37:51Z", "is_deleted": false, "name": "Flo Rida", "date_modified": "2013-02-06T22:37:51Z"}}, {"pk": 26, "model": "backend.artist", "fields": {"date_created": "2013-02-06T22:37:51Z", "is_deleted": false, "name": "Akon ft Eminem", "date_modified": "2013-02-06T22:37:51Z"}}, {"pk": 27, "model": "backend.artist", "fields": {"date_created": "2013-02-06T22:37:51Z", "is_deleted": false, "name": "Macklemore", "date_modified": "2013-02-06T22:37:51Z"}}, {"pk": 28, "model": "backend.artist", "fields": {"date_created": "2013-02-06T22:37:51Z", "is_deleted": false, "name": "Imagine Dragons", "date_modified": "2013-02-06T22:37:51Z"}}, {"pk": 29, "model": "backend.artist", "fields": {"date_created": "2013-02-06T22:37:51Z", "is_deleted": false, "name": "Arctic Monkeys", "date_modified": "2013-02-06T22:37:51Z"}}, {"pk": 30, "model": "backend.artist", "fields": {"date_created": "2013-02-06T22:37:51Z", "is_deleted": false, "name": "Ke$ha", "date_modified": "2013-02-06T22:37:51Z"}}, {"pk": 31, "model": "backend.artist", "fields": {"date_created": "2013-02-06T22:37:51Z", "is_deleted": false, "name": "David Guetta", "date_modified": "2013-02-06T22:37:51Z"}}, {"pk": 32, "model": "backend.artist", "fields": {"date_created": "2013-02-06T22:37:51Z", "is_deleted": false, "name": "Katy Perry", "date_modified": "2013-02-06T22:37:51Z"}}, {"pk": 33, "model": "backend.artist", "fields": {"date_created": "2013-02-06T22:37:51Z", "is_deleted": false, "name": "Red Hot Chili Peppers", "date_modified": "2013-02-06T22:37:51Z"}}, {"pk": 34, "model": "backend.artist", "fields": {"date_created": "2013-02-06T22:37:51Z", "is_deleted": false, "name": "U2", "date_modified": "2013-02-06T22:37:51Z"}}, {"pk": 35, "model": "backend.artist", "fields": {"date_created": "2013-02-06T22:37:51Z", "is_deleted": false, "name": "Pearl Jam", "date_modified": "2013-02-06T22:37:51Z"}}, {"pk": 36, "model": "backend.artist", "fields": {"date_created": "2013-02-06T22:37:51Z", "is_deleted": false, "name": "Tyga", "date_modified": "2013-02-06T22:37:51Z"}}, {"pk": 37, "model": "backend.artist", "fields": {"date_created": "2013-02-06T22:37:51Z", "is_deleted": false, "name": "Bryan Adams", "date_modified": "2013-02-06T22:37:51Z"}}, {"pk": 38, "model": "backend.artist", "fields": {"date_created": "2013-02-06T22:37:51Z", "is_deleted": false, "name": "fun.", "date_modified": "2013-02-06T22:37:51Z"}}, {"pk": 39, "model": "backend.artist", "fields": {"date_created": "2013-02-06T22:37:51Z", "is_deleted": false, "name": "Guns N' Roses", "date_modified": "2013-02-06T22:37:51Z"}}, {"pk": 40, "model": "backend.artist", "fields": {"date_created": "2013-02-06T22:37:51Z", "is_deleted": false, "name": "Gym Class Heroes [Ft. Adam Levine]", "date_modified": "2013-02-06T22:37:51Z"}}, {"pk": 41, "model": "backend.artist", "fields": {"date_created": "2013-02-06T22:37:51Z", "is_deleted": false, "name": "Muse", "date_modified": "2013-02-06T22:37:51Z"}}, {"pk": 42, "model": "backend.artist", "fields": {"date_created": "2013-02-06T22:37:51Z", "is_deleted": false, "name": "Nelly", "date_modified": "2013-02-06T22:37:51Z"}}, {"pk": 43, "model": "backend.artist", "fields": {"date_created": "2013-02-06T22:37:51Z", "is_deleted": false, "name": "Usher", "date_modified": "2013-02-06T22:37:51Z"}}, {"pk": 44, "model": "backend.artist", "fields": {"date_created": "2013-02-06T22:37:51Z", "is_deleted": false, "name": "OneRepublic", "date_modified": "2013-02-06T22:37:51Z"}}, {"pk": 45, "model": "backend.artist", "fields": {"date_created": "2013-02-06T22:37:51Z", "is_deleted": false, "name": "Metallica", "date_modified": "2013-02-06T22:37:51Z"}}, {"pk": 46, "model": "backend.artist", "fields": {"date_created": "2013-02-06T22:37:51Z", "is_deleted": false, "name": "Ellie Goulding", "date_modified": "2013-02-06T22:37:51Z"}}, {"pk": 47, "model": "backend.artist", "fields": {"date_created": "2013-02-06T22:37:51Z", "is_deleted": false, "name": "Led Zeppelin", "date_modified": "2013-02-06T22:37:51Z"}}, {"pk": 48, "model": "backend.artist", "fields": {"date_created": "2013-02-06T22:37:51Z", "is_deleted": false, "name": "Nickelback", "date_modified": "2013-02-06T22:37:51Z"}}, {"pk": 49, "model": "backend.artist", "fields": {"date_created": "2013-02-06T22:37:51Z", "is_deleted": false, "name": "Swedish House Mafia", "date_modified": "2013-02-06T22:37:51Z"}}, {"pk": 50, "model": "backend.artist", "fields": {"date_created": "2013-02-06T22:37:51Z", "is_deleted": false, "name": "One direction", "date_modified": "2013-02-06T22:37:51Z"}}, {"pk": 51, "model": "backend.artist", "fields": {"date_created": "2013-02-06T22:37:51Z", "is_deleted": false, "name": "Pitbull", "date_modified": "2013-02-06T22:37:51Z"}}, {"pk": 52, "model": "backend.artist", "fields": {"date_created": "2013-02-06T22:37:51Z", "is_deleted": false, "name": "Weezer", "date_modified": "2013-02-06T22:37:51Z"}}, {"pk": 53, "model": "backend.artist", "fields": {"date_created": "2013-02-06T22:37:51Z", "is_deleted": false, "name": "Christina Perri", "date_modified": "2013-02-06T22:37:51Z"}}, {"pk": 54, "model": "backend.artist", "fields": {"date_created": "2013-02-06T22:37:52Z", "is_deleted": false, "name": "Oasis/oasis", "date_modified": "2013-02-06T22:37:52Z"}}, {"pk": 55, "model": "backend.artist", "fields": {"date_created": "2013-02-06T22:37:52Z", "is_deleted": false, "name": "Queen", "date_modified": "2013-02-06T22:37:52Z"}}, {"pk": 56, "model": "backend.artist", "fields": {"date_created": "2013-02-06T22:37:52Z", "is_deleted": false, "name": "Maroon 5", "date_modified": "2013-02-06T22:37:52Z"}}, {"pk": 57, "model": "backend.artist", "fields": {"date_created": "2013-02-06T22:37:52Z", "is_deleted": false, "name": "Akon, Colby O'Donis & Kardinal Offishal", "date_modified": "2013-02-06T22:37:52Z"}}, {"pk": 58, "model": "backend.artist", "fields": {"date_created": "2013-02-06T22:37:52Z", "is_deleted": false, "name": "Gotye", "date_modified": "2013-02-06T22:37:52Z"}}, {"pk": 59, "model": "backend.artist", "fields": {"date_created": "2013-02-06T22:37:52Z", "is_deleted": false, "name": "Axwell, Ingrosso & Laidback Luke", "date_modified": "2013-02-06T22:37:52Z"}}, {"pk": 60, "model": "backend.artist", "fields": {"date_created": "2013-02-06T22:37:52Z", "is_deleted": false, "name": "M.I.A", "date_modified": "2013-02-06T22:37:52Z"}}, {"pk": 61, "model": "backend.artist", "fields": {"date_created": "2013-02-06T22:37:52Z", "is_deleted": false, "name": "Justin Timberlake", "date_modified": "2013-02-06T22:37:52Z"}}, {"pk": 62, "model": "backend.artist", "fields": {"date_created": "2013-02-06T22:37:52Z", "is_deleted": false, "name": "Armin Van Buuren", "date_modified": "2013-02-06T22:37:52Z"}}, {"pk": 63, "model": "backend.artist", "fields": {"date_created": "2013-02-06T22:37:52Z", "is_deleted": false, "name": "LMFAO", "date_modified": "2013-02-06T22:37:52Z"}}, {"pk": 64, "model": "backend.artist", "fields": {"date_created": "2013-02-06T22:37:52Z", "is_deleted": false, "name": "Skrillex", "date_modified": "2013-02-06T22:37:52Z"}}, {"pk": 65, "model": "backend.artist", "fields": {"date_created": "2013-02-06T22:37:52Z", "is_deleted": false, "name": "Akon", "date_modified": "2013-02-06T22:37:52Z"}}, {"pk": 66, "model": "backend.artist", "fields": {"date_created": "2013-02-06T22:37:52Z", "is_deleted": false, "name": "Train", "date_modified": "2013-02-06T22:37:52Z"}}, {"pk": 67, "model": "backend.artist", "fields": {"date_created": "2013-02-06T22:37:52Z", "is_deleted": false, "name": "Of Monsters and Men", "date_modified": "2013-02-06T22:37:52Z"}}, {"pk": 68, "model": "backend.artist", "fields": {"date_created": "2013-02-06T22:37:52Z", "is_deleted": false, "name": "Foo Fighters", "date_modified": "2013-02-06T22:37:52Z"}}, {"pk": 69, "model": "backend.artist", "fields": {"date_created": "2013-02-06T22:37:52Z", "is_deleted": false, "name": "Kid Cudi", "date_modified": "2013-02-06T22:37:52Z"}}, {"pk": 70, "model": "backend.artist", "fields": {"date_created": "2013-02-06T22:37:52Z", "is_deleted": false, "name": "AC/DC", "date_modified": "2013-02-06T22:37:52Z"}}, {"pk": 71, "model": "backend.artist", "fields": {"date_created": "2013-02-06T22:37:52Z", "is_deleted": false, "name": "Kanye West", "date_modified": "2013-02-06T22:37:52Z"}}, {"pk": 72, "model": "backend.artist", "fields": {"date_created": "2013-02-06T22:37:52Z", "is_deleted": false, "name": "will.i.am", "date_modified": "2013-02-06T22:37:52Z"}}, {"pk": 73, "model": "backend.artist", "fields": {"date_created": "2013-02-06T22:37:52Z", "is_deleted": false, "name": "Adele", "date_modified": "2013-02-06T22:37:52Z"}}, {"pk": 74, "model": "backend.artist", "fields": {"date_created": "2013-02-06T22:37:52Z", "is_deleted": false, "name": "3 Doors Down", "date_modified": "2013-02-06T22:37:52Z"}}, {"pk": 75, "model": "backend.artist", "fields": {"date_created": "2013-02-06T22:37:52Z", "is_deleted": false, "name": "The Police", "date_modified": "2013-02-06T22:37:52Z"}}, {"pk": 76, "model": "backend.artist", "fields": {"date_created": "2013-02-06T22:37:52Z", "is_deleted": false, "name": "Coldplay", "date_modified": "2013-02-06T22:37:52Z"}}, {"pk": 77, "model": "backend.artist", "fields": {"date_created": "2013-02-06T22:37:52Z", "is_deleted": false, "name": "Taylor Swift", "date_modified": "2013-02-06T22:37:52Z"}}, {"pk": 78, "model": "backend.artist", "fields": {"date_created": "2013-02-06T22:37:52Z", "is_deleted": false, "name": "Bruno Mars", "date_modified": "2013-02-06T22:37:52Z"}}, {"pk": 79, "model": "backend.artist", "fields": {"date_created": "2013-02-06T22:37:52Z", "is_deleted": false, "name": "M83", "date_modified": "2013-02-06T22:37:52Z"}}, {"pk": 80, "model": "backend.artist", "fields": {"date_created": "2013-02-06T22:37:52Z", "is_deleted": false, "name": "Calvin Harris", "date_modified": "2013-02-06T22:37:52Z"}}, {"pk": 81, "model": "backend.artist", "fields": {"date_created": "2013-02-06T22:37:52Z", "is_deleted": false, "name": "Justin Bieber", "date_modified": "2013-02-06T22:37:52Z"}}, {"pk": 82, "model": "backend.artist", "fields": {"date_created": "2013-02-06T22:37:52Z", "is_deleted": false, "name": "Robbie Williams", "date_modified": "2013-02-06T22:37:52Z"}}, {"pk": 83, "model": "backend.artist", "fields": {"date_created": "2013-02-06T22:37:52Z", "is_deleted": false, "name": "Eric Prydz", "date_modified": "2013-02-06T22:37:52Z"}}, {"pk": 84, "model": "backend.artist", "fields": {"date_created": "2013-02-06T22:37:52Z", "is_deleted": false, "name": "Linkin Park", "date_modified": "2013-02-06T22:37:52Z"}}, {"pk": 85, "model": "backend.artist", "fields": {"date_created": "2013-02-06T22:37:52Z", "is_deleted": false, "name": "Lady Gaga", "date_modified": "2013-02-06T22:37:52Z"}}, {"pk": 86, "model": "backend.artist", "fields": {"date_created": "2013-02-06T22:37:52Z", "is_deleted": false, "name": "Bon Jovi", "date_modified": "2013-02-06T22:37:52Z"}}, {"pk": 87, "model": "backend.artist", "fields": {"date_created": "2013-02-06T22:37:52Z", "is_deleted": false, "name": "Rise Against", "date_modified": "2013-02-06T22:37:52Z"}}, {"pk": 88, "model": "backend.artist", "fields": {"date_created": "2013-02-06T22:37:52Z", "is_deleted": false, "name": "The Lumineers", "date_modified": "2013-02-06T22:37:52Z"}}, {"pk": 89, "model": "backend.artist", "fields": {"date_created": "2013-02-06T22:37:52Z", "is_deleted": false, "name": "Jimi Hendrix", "date_modified": "2013-02-06T22:37:52Z"}}, {"pk": 90, "model": "backend.artist", "fields": {"date_created": "2013-02-06T22:37:52Z", "is_deleted": false, "name": "Davig Guetta (Ft Akon)", "date_modified": "2013-02-06T22:37:52Z"}}, {"pk": 91, "model": "backend.artist", "fields": {"date_created": "2013-02-06T22:37:52Z", "is_deleted": false, "name": "Kanye West & Jay-Z", "date_modified": "2013-02-06T22:37:52Z"}}, {"pk": 1, "model": "backend.album", "fields": {"is_deleted": false, "name": "", "date_modified": "2013-02-06T22:37:43Z", "image_latest_rev": null, "image_URL": null, "date_created": "2013-02-06T22:37:43Z"}}, {"pk": 2, "model": "backend.album", "fields": {"is_deleted": false, "name": "Pink Friday", "date_modified": "2013-02-06T22:37:43Z", "image_latest_rev": null, "image_URL": null, "date_created": "2013-02-06T22:37:43Z"}}, {"pk": 3, "model": "backend.album", "fields": {"is_deleted": false, "name": "Axwell Presents Axtone Vol.1", "date_modified": "2013-02-06T22:37:43Z", "image_latest_rev": null, "image_URL": null, "date_created": "2013-02-06T22:37:43Z"}}, {"pk": 4, "model": "backend.album", "fields": {"is_deleted": false, "name": "Daytrotter Studio  10/11/2011", "date_modified": "2013-02-06T22:37:43Z", "image_latest_rev": null, "image_URL": null, "date_created": "2013-02-06T22:37:43Z"}}, {"pk": 5, "model": "backend.album", "fields": {"is_deleted": false, "name": "Cross Road", "date_modified": "2013-02-06T22:37:43Z", "image_latest_rev": null, "image_URL": null, "date_created": "2013-02-06T22:37:43Z"}}, {"pk": 6, "model": "backend.album", "fields": {"is_deleted": false, "name": "ThisSongIsSick.com", "date_modified": "2013-02-06T22:37:43Z", "image_latest_rev": null, "image_URL": null, "date_created": "2013-02-06T22:37:43Z"}}, {"pk": 7, "model": "backend.album", "fields": {"is_deleted": false, "name": "The Sufferer & the Witness", "date_modified": "2013-02-06T22:37:43Z", "image_latest_rev": null, "image_URL": null, "date_created": "2013-02-06T22:37:43Z"}}, {"pk": 8, "model": "backend.album", "fields": {"is_deleted": false, "name": "All The Right Reasons", "date_modified": "2013-02-06T22:37:43Z", "image_latest_rev": null, "image_URL": null, "date_created": "2013-02-06T22:37:43Z"}}, {"pk": 9, "model": "backend.album", "fields": {"is_deleted": false, "name": "Wild Ones", "date_modified": "2013-02-06T22:37:43Z", "image_latest_rev": null, "image_URL": null, "date_created": "2013-02-06T22:37:43Z"}}, {"pk": 10, "model": "backend.album", "fields": {"is_deleted": false, "name": "Overexposed", "date_modified": "2013-02-06T22:37:43Z", "image_latest_rev": null, "image_URL": null, "date_created": "2013-02-06T22:37:43Z"}}, {"pk": 11, "model": "backend.album", "fields": {"is_deleted": false, "name": "Up All Night", "date_modified": "2013-02-06T22:37:43Z", "image_latest_rev": null, "image_URL": null, "date_created": "2013-02-06T22:37:43Z"}}, {"pk": 12, "model": "backend.album", "fields": {"is_deleted": false, "name": "21", "date_modified": "2013-02-06T22:37:43Z", "image_latest_rev": null, "image_URL": null, "date_created": "2013-02-06T22:37:43Z"}}, {"pk": 13, "model": "backend.album", "fields": {"is_deleted": false, "name": "[Led Zeppelin IV]", "date_modified": "2013-02-06T22:37:43Z", "image_latest_rev": null, "image_URL": null, "date_created": "2013-02-06T22:37:43Z"}}, {"pk": 14, "model": "backend.album", "fields": {"is_deleted": false, "name": "Nirvana", "date_modified": "2013-02-06T22:37:43Z", "image_latest_rev": null, "image_URL": null, "date_created": "2013-02-06T22:37:43Z"}}, {"pk": 15, "model": "backend.album", "fields": {"is_deleted": false, "name": "4", "date_modified": "2013-02-06T22:37:43Z", "image_latest_rev": null, "image_URL": null, "date_created": "2013-02-06T22:37:43Z"}}, {"pk": 16, "model": "backend.album", "fields": {"is_deleted": false, "name": "Clique", "date_modified": "2013-02-06T22:37:43Z", "image_latest_rev": null, "image_URL": null, "date_created": "2013-02-06T22:37:43Z"}}, {"pk": 17, "model": "backend.album", "fields": {"is_deleted": false, "name": "Is This It", "date_modified": "2013-02-06T22:37:43Z", "image_latest_rev": null, "image_URL": null, "date_created": "2013-02-06T22:37:43Z"}}, {"pk": 18, "model": "backend.album", "fields": {"is_deleted": false, "name": "Believe", "date_modified": "2013-02-06T22:37:43Z", "image_latest_rev": null, "image_URL": null, "date_created": "2013-02-06T22:37:43Z"}}, {"pk": 19, "model": "backend.album", "fields": {"is_deleted": false, "name": "Best of AC/DC", "date_modified": "2013-02-06T22:37:43Z", "image_latest_rev": null, "image_URL": null, "date_created": "2013-02-06T22:37:43Z"}}, {"pk": 20, "model": "backend.album", "fields": {"is_deleted": false, "name": "We Are Young", "date_modified": "2013-02-06T22:37:43Z", "image_latest_rev": null, "image_URL": null, "date_created": "2013-02-06T22:37:43Z"}}, {"pk": 21, "model": "backend.album", "fields": {"is_deleted": false, "name": "Street King Immortal", "date_modified": "2013-02-06T22:37:43Z", "image_latest_rev": null, "image_URL": null, "date_created": "2013-02-06T22:37:43Z"}}, {"pk": 22, "model": "backend.album", "fields": {"is_deleted": false, "name": "Unapologetic", "date_modified": "2013-02-06T22:37:43Z", "image_latest_rev": null, "image_URL": null, "date_created": "2013-02-06T22:37:43Z"}}, {"pk": 23, "model": "backend.album", "fields": {"is_deleted": false, "name": "Greatest Hits", "date_modified": "2013-02-06T22:37:43Z", "image_latest_rev": null, "image_URL": null, "date_created": "2013-02-06T22:37:43Z"}}, {"pk": 24, "model": "backend.album", "fields": {"is_deleted": false, "name": "Curiosity", "date_modified": "2013-02-06T22:37:43Z", "image_latest_rev": null, "image_URL": null, "date_created": "2013-02-06T22:37:43Z"}}, {"pk": 25, "model": "backend.album", "fields": {"is_deleted": false, "name": "Matangi", "date_modified": "2013-02-06T22:37:43Z", "image_latest_rev": null, "image_URL": null, "date_created": "2013-02-06T22:37:43Z"}}, {"pk": 26, "model": "backend.album", "fields": {"is_deleted": false, "name": "Konvict", "date_modified": "2013-02-06T22:37:43Z", "image_latest_rev": null, "image_URL": null, "date_created": "2013-02-06T22:37:43Z"}}, {"pk": 27, "model": "backend.album", "fields": {"is_deleted": false, "name": "One More Love", "date_modified": "2013-02-06T22:37:43Z", "image_latest_rev": null, "image_URL": null, "date_created": "2013-02-06T22:37:43Z"}}, {"pk": 28, "model": "backend.album", "fields": {"is_deleted": false, "name": "Feel So Close", "date_modified": "2013-02-06T22:37:43Z", "image_latest_rev": null, "image_URL": null, "date_created": "2013-02-06T22:37:43Z"}}, {"pk": 29, "model": "backend.album", "fields": {"is_deleted": false, "name": "The Twilight Saga: Breaking Dawn", "date_modified": "2013-02-06T22:37:43Z", "image_latest_rev": null, "image_URL": null, "date_created": "2013-02-06T22:37:43Z"}}, {"pk": 30, "model": "backend.album", "fields": {"is_deleted": false, "name": "Sublime", "date_modified": "2013-02-06T22:37:43Z", "image_latest_rev": null, "image_URL": null, "date_created": "2013-02-06T22:37:43Z"}}, {"pk": 31, "model": "backend.album", "fields": {"is_deleted": false, "name": "Nothing but the Beat", "date_modified": "2013-02-06T22:37:43Z", "image_latest_rev": null, "image_URL": null, "date_created": "2013-02-06T22:37:43Z"}}, {"pk": 32, "model": "backend.album", "fields": {"is_deleted": false, "name": "The Heist", "date_modified": "2013-02-06T22:37:43Z", "image_latest_rev": null, "image_URL": null, "date_created": "2013-02-06T22:37:43Z"}}, {"pk": 33, "model": "backend.album", "fields": {"is_deleted": false, "name": "The Truth About Love", "date_modified": "2013-02-06T22:37:43Z", "image_latest_rev": null, "image_URL": null, "date_created": "2013-02-06T22:37:43Z"}}, {"pk": 34, "model": "backend.album", "fields": {"is_deleted": false, "name": "Well Done 3", "date_modified": "2013-02-06T22:37:43Z", "image_latest_rev": null, "image_URL": null, "date_created": "2013-02-06T22:37:43Z"}}, {"pk": 35, "model": "backend.album", "fields": {"is_deleted": false, "name": "Favourite Worst Nightmare", "date_modified": "2013-02-06T22:37:43Z", "image_latest_rev": null, "image_URL": null, "date_created": "2013-02-06T22:37:43Z"}}, {"pk": 36, "model": "backend.album", "fields": {"is_deleted": false, "name": "Waking Up", "date_modified": "2013-02-06T22:37:43Z", "image_latest_rev": null, "image_URL": null, "date_created": "2013-02-06T22:37:43Z"}}, {"pk": 37, "model": "backend.album", "fields": {"is_deleted": false, "name": "Angel Single", "date_modified": "2013-02-06T22:37:43Z", "image_latest_rev": null, "image_URL": null, "date_created": "2013-02-06T22:37:43Z"}}, {"pk": 38, "model": "backend.album", "fields": {"is_deleted": false, "name": "Black Holes and Revelations", "date_modified": "2013-02-06T22:37:43Z", "image_latest_rev": null, "image_URL": null, "date_created": "2013-02-06T22:37:43Z"}}, {"pk": 39, "model": "backend.album", "fields": {"is_deleted": false, "name": "Drive By", "date_modified": "2013-02-06T22:37:43Z", "image_latest_rev": null, "image_URL": null, "date_created": "2013-02-06T22:37:43Z"}}, {"pk": 40, "model": "backend.album", "fields": {"is_deleted": false, "name": "Born This Way", "date_modified": "2013-02-06T22:37:43Z", "image_latest_rev": null, "image_URL": null, "date_created": "2013-02-06T22:37:43Z"}}, {"pk": 41, "model": "backend.album", "fields": {"is_deleted": false, "name": "Red", "date_modified": "2013-02-06T22:37:43Z", "image_latest_rev": null, "image_URL": null, "date_created": "2013-02-06T22:37:43Z"}}, {"pk": 42, "model": "backend.album", "fields": {"is_deleted": false, "name": "The Eminem Show", "date_modified": "2013-02-06T22:37:43Z", "image_latest_rev": null, "image_URL": null, "date_created": "2013-02-06T22:37:43Z"}}, {"pk": 43, "model": "backend.album", "fields": {"is_deleted": false, "name": "Unorthodox Jukebox", "date_modified": "2013-02-06T22:37:43Z", "image_latest_rev": null, "image_URL": null, "date_created": "2013-02-06T22:37:43Z"}}, {"pk": 44, "model": "backend.album", "fields": {"is_deleted": false, "name": "El Camino", "date_modified": "2013-02-06T22:37:43Z", "image_latest_rev": null, "image_URL": null, "date_created": "2013-02-06T22:37:43Z"}}, {"pk": 45, "model": "backend.album", "fields": {"is_deleted": false, "name": "willpower", "date_modified": "2013-02-06T22:37:43Z", "image_latest_rev": null, "image_URL": null, "date_created": "2013-02-06T22:37:43Z"}}, {"pk": 46, "model": "backend.album", "fields": {"is_deleted": false, "name": "Weezer (Green Album)", "date_modified": "2013-02-06T22:37:43Z", "image_latest_rev": null, "image_URL": null, "date_created": "2013-02-06T22:37:43Z"}}, {"pk": 47, "model": "backend.album", "fields": {"is_deleted": false, "name": "The Twilight Sage: Breaking Dawn", "date_modified": "2013-02-06T22:37:43Z", "image_latest_rev": null, "image_URL": null, "date_created": "2013-02-06T22:37:43Z"}}, {"pk": 48, "model": "backend.album", "fields": {"is_deleted": false, "name": "Torches", "date_modified": "2013-02-06T22:37:43Z", "image_latest_rev": null, "image_URL": null, "date_created": "2013-02-06T22:37:43Z"}}, {"pk": 49, "model": "backend.album", "fields": {"is_deleted": false, "name": "Rated R", "date_modified": "2013-02-06T22:37:43Z", "image_latest_rev": null, "image_URL": null, "date_created": "2013-02-06T22:37:43Z"}}, {"pk": 50, "model": "backend.album", "fields": {"is_deleted": false, "name": "Freedom", "date_modified": "2013-02-06T22:37:43Z", "image_latest_rev": null, "image_URL": null, "date_created": "2013-02-06T22:37:43Z"}}, {"pk": 51, "model": "backend.album", "fields": {"is_deleted": false, "name": "It's Time", "date_modified": "2013-02-06T22:37:43Z", "image_latest_rev": null, "image_URL": null, "date_created": "2013-02-06T22:37:43Z"}}, {"pk": 52, "model": "backend.album", "fields": {"is_deleted": false, "name": "Enema of the State", "date_modified": "2013-02-06T22:37:43Z", "image_latest_rev": null, "image_URL": null, "date_created": "2013-02-06T22:37:43Z"}}, {"pk": 53, "model": "backend.album", "fields": {"is_deleted": false, "name": "This Love", "date_modified": "2013-02-06T22:37:43Z", "image_latest_rev": null, "image_URL": null, "date_created": "2013-02-06T22:37:43Z"}}, {"pk": 54, "model": "backend.album", "fields": {"is_deleted": false, "name": "Take the Crown", "date_modified": "2013-02-06T22:37:43Z", "image_latest_rev": null, "image_URL": null, "date_created": "2013-02-06T22:37:43Z"}}, {"pk": 55, "model": "backend.album", "fields": {"is_deleted": false, "name": "Oracular Spectacular", "date_modified": "2013-02-06T22:37:43Z", "image_latest_rev": null, "image_URL": null, "date_created": "2013-02-06T22:37:43Z"}}, {"pk": 56, "model": "backend.album", "fields": {"is_deleted": false, "name": "PSY 6", "date_modified": "2013-02-06T22:37:43Z", "image_latest_rev": null, "image_URL": null, "date_created": "2013-02-06T22:37:43Z"}}, {"pk": 57, "model": "backend.album", "fields": {"is_deleted": false, "name": "Dookie", "date_modified": "2013-02-06T22:37:43Z", "image_latest_rev": null, "image_URL": null, "date_created": "2013-02-06T22:37:43Z"}}, {"pk": 58, "model": "backend.album", "fields": {"is_deleted": false, "name": "Take Care", "date_modified": "2013-02-06T22:37:43Z", "image_latest_rev": null, "image_URL": null, "date_created": "2013-02-06T22:37:43Z"}}, {"pk": 59, "model": "backend.album", "fields": {"is_deleted": false, "name": "Hybrid Theory", "date_modified": "2013-02-06T22:37:43Z", "image_latest_rev": null, "image_URL": null, "date_created": "2013-02-06T22:37:43Z"}}, {"pk": 60, "model": "backend.album", "fields": {"is_deleted": false, "name": "Global Warming", "date_modified": "2013-02-06T22:37:44Z", "image_latest_rev": null, "image_URL": null, "date_created": "2013-02-06T22:37:44Z"}}, {"pk": 61, "model": "backend.album", "fields": {"is_deleted": false, "name": "Talk That Talk", "date_modified": "2013-02-06T22:37:44Z", "image_latest_rev": null, "image_URL": null, "date_created": "2013-02-06T22:37:44Z"}}, {"pk": 62, "model": "backend.album", "fields": {"is_deleted": false, "name": "Trilogy", "date_modified": "2013-02-06T22:37:44Z", "image_latest_rev": null, "image_URL": null, "date_created": "2013-02-06T22:37:44Z"}}, {"pk": 63, "model": "backend.album", "fields": {"is_deleted": false, "name": "Lights", "date_modified": "2013-02-06T22:37:44Z", "image_latest_rev": null, "image_URL": null, "date_created": "2013-02-06T22:37:44Z"}}, {"pk": 64, "model": "backend.album", "fields": {"is_deleted": false, "name": "Rack City- Single", "date_modified": "2013-02-06T22:37:44Z", "image_latest_rev": null, "image_URL": null, "date_created": "2013-02-06T22:37:44Z"}}, {"pk": 65, "model": "backend.album", "fields": {"is_deleted": false, "name": "Appetite for Destruction", "date_modified": "2013-02-06T22:37:44Z", "image_latest_rev": null, "image_URL": null, "date_created": "2013-02-06T22:37:44Z"}}, {"pk": 66, "model": "backend.album", "fields": {"is_deleted": false, "name": "Watch the Throne", "date_modified": "2013-02-06T22:37:44Z", "image_latest_rev": null, "image_URL": null, "date_created": "2013-02-06T22:37:44Z"}}, {"pk": 67, "model": "backend.album", "fields": {"is_deleted": false, "name": "Immersion", "date_modified": "2013-02-06T22:37:44Z", "image_latest_rev": null, "image_URL": null, "date_created": "2013-02-06T22:37:44Z"}}, {"pk": 68, "model": "backend.album", "fields": {"is_deleted": false, "name": "Uprising", "date_modified": "2013-02-06T22:37:44Z", "image_latest_rev": null, "image_URL": null, "date_created": "2013-02-06T22:37:44Z"}}, {"pk": 69, "model": "backend.album", "fields": {"is_deleted": false, "name": "Dear Agony", "date_modified": "2013-02-06T22:37:44Z", "image_latest_rev": null, "image_URL": null, "date_created": "2013-02-06T22:37:44Z"}}, {"pk": 70, "model": "backend.album", "fields": {"is_deleted": false, "name": "Lose Yourself", "date_modified": "2013-02-06T22:37:44Z", "image_latest_rev": null, "image_URL": null, "date_created": "2013-02-06T22:37:44Z"}}, {"pk": 71, "model": "backend.album", "fields": {"is_deleted": false, "name": "Scar Tissue", "date_modified": "2013-02-06T22:37:44Z", "image_latest_rev": null, "image_URL": null, "date_created": "2013-02-06T22:37:44Z"}}, {"pk": 72, "model": "backend.album", "fields": {"is_deleted": false, "name": "Pjanoo", "date_modified": "2013-02-06T22:37:44Z", "image_latest_rev": null, "image_URL": null, "date_created": "2013-02-06T22:37:44Z"}}, {"pk": 73, "model": "backend.album", "fields": {"is_deleted": false, "name": "The Better Life", "date_modified": "2013-02-06T22:37:44Z", "image_latest_rev": null, "image_URL": null, "date_created": "2013-02-06T22:37:44Z"}}, {"pk": 74, "model": "backend.album", "fields": {"is_deleted": false, "name": "Foo Fighters", "date_modified": "2013-02-06T22:37:44Z", "image_latest_rev": null, "image_URL": null, "date_created": "2013-02-06T22:37:44Z"}}, {"pk": 75, "model": "backend.album", "fields": {"is_deleted": false, "name": "Meteora", "date_modified": "2013-02-06T22:37:44Z", "image_latest_rev": null, "image_URL": null, "date_created": "2013-02-06T22:37:44Z"}}, {"pk": 76, "model": "backend.album", "fields": {"is_deleted": false, "name": "Faded", "date_modified": "2013-02-06T22:37:44Z", "image_latest_rev": null, "image_URL": null, "date_created": "2013-02-06T22:37:44Z"}}, {"pk": 77, "model": "backend.album", "fields": {"is_deleted": false, "name": "Just a Dream", "date_modified": "2013-02-06T22:37:44Z", "image_latest_rev": null, "image_URL": null, "date_created": "2013-02-06T22:37:44Z"}}, {"pk": 78, "model": "backend.album", "fields": {"is_deleted": false, "name": "Live in Texas", "date_modified": "2013-02-06T22:37:44Z", "image_latest_rev": null, "image_URL": null, "date_created": "2013-02-06T22:37:44Z"}}, {"pk": 79, "model": "backend.album", "fields": {"is_deleted": false, "name": "Curtain Call: The Hits", "date_modified": "2013-02-06T22:37:44Z", "image_latest_rev": null, "image_URL": null, "date_created": "2013-02-06T22:37:44Z"}}, {"pk": 80, "model": "backend.album", "fields": {"is_deleted": false, "name": "Party Rock Anthem", "date_modified": "2013-02-06T22:37:44Z", "image_latest_rev": null, "image_URL": null, "date_created": "2013-02-06T22:37:44Z"}}, {"pk": 81, "model": "backend.album", "fields": {"is_deleted": false, "name": "Backspacer", "date_modified": "2013-02-06T22:37:44Z", "image_latest_rev": null, "image_URL": null, "date_created": "2013-02-06T22:37:44Z"}}, {"pk": 82, "model": "backend.album", "fields": {"is_deleted": false, "name": "Anthology", "date_modified": "2013-02-06T22:37:44Z", "image_latest_rev": null, "image_URL": null, "date_created": "2013-02-06T22:37:44Z"}}, {"pk": 83, "model": "backend.album", "fields": {"is_deleted": false, "name": "Hurry Up, We'e2'80'99re Dreaming", "date_modified": "2013-02-06T22:37:44Z", "image_latest_rev": null, "image_URL": null, "date_created": "2013-02-06T22:37:44Z"}}, {"pk": 84, "model": "backend.album", "fields": {"is_deleted": false, "name": "Away From the Sun", "date_modified": "2013-02-06T22:37:44Z", "image_latest_rev": null, "image_URL": null, "date_created": "2013-02-06T22:37:44Z"}}, {"pk": 85, "model": "backend.album", "fields": {"is_deleted": false, "name": "Hands All Over", "date_modified": "2013-02-06T22:37:44Z", "image_latest_rev": null, "image_URL": null, "date_created": "2013-02-06T22:37:44Z"}}, {"pk": 86, "model": "backend.album", "fields": {"is_deleted": false, "name": "The Police", "date_modified": "2013-02-06T22:37:44Z", "image_latest_rev": null, "image_URL": null, "date_created": "2013-02-06T22:37:44Z"}}, {"pk": 87, "model": "backend.album", "fields": {"is_deleted": false, "name": "Sorry for Party Rocking", "date_modified": "2013-02-06T22:37:44Z", "image_latest_rev": null, "image_URL": null, "date_created": "2013-02-06T22:37:44Z"}}, {"pk": 88, "model": "backend.album", "fields": {"is_deleted": false, "name": "Until Now", "date_modified": "2013-02-06T22:37:44Z", "image_latest_rev": null, "image_URL": null, "date_created": "2013-02-06T22:37:44Z"}}, {"pk": 89, "model": "backend.album", "fields": {"is_deleted": false, "name": "Mylo Xyloto", "date_modified": "2013-02-06T22:37:44Z", "image_latest_rev": null, "image_URL": null, "date_created": "2013-02-06T22:37:44Z"}}, {"pk": 90, "model": "backend.album", "fields": {"is_deleted": false, "name": "Man on the Moon: The End of Day", "date_modified": "2013-02-06T22:37:44Z", "image_latest_rev": null, "image_URL": null, "date_created": "2013-02-06T22:37:44Z"}}, {"pk": 91, "model": "backend.album", "fields": {"is_deleted": false, "name": "Titanium", "date_modified": "2013-02-06T22:37:44Z", "image_latest_rev": null, "image_URL": null, "date_created": "2013-02-06T22:37:44Z"}}, {"pk": 92, "model": "backend.album", "fields": {"is_deleted": false, "name": "Making Mirrors", "date_modified": "2013-02-06T22:37:44Z", "image_latest_rev": null, "image_URL": null, "date_created": "2013-02-06T22:37:44Z"}}, {"pk": 93, "model": "backend.album", "fields": {"is_deleted": false, "name": "No Leaf Clover", "date_modified": "2013-02-06T22:37:44Z", "image_latest_rev": null, "image_URL": null, "date_created": "2013-02-06T22:37:44Z"}}, {"pk": 94, "model": "backend.album", "fields": {"is_deleted": false, "name": "Teenage Dream", "date_modified": "2013-02-06T22:37:44Z", "image_latest_rev": null, "image_URL": null, "date_created": "2013-02-06T22:37:44Z"}}, {"pk": 95, "model": "backend.album", "fields": {"is_deleted": false, "name": "DJ Got Us Falling In Love Again", "date_modified": "2013-02-06T22:37:44Z", "image_latest_rev": null, "image_URL": null, "date_created": "2013-02-06T22:37:44Z"}}, {"pk": 96, "model": "backend.album", "fields": {"is_deleted": false, "name": "Endgame", "date_modified": "2013-02-06T22:37:44Z", "image_latest_rev": null, "image_URL": null, "date_created": "2013-02-06T22:37:44Z"}}, {"pk": 97, "model": "backend.album", "fields": {"is_deleted": false, "name": "My Head Is an Animal", "date_modified": "2013-02-06T22:37:44Z", "image_latest_rev": null, "image_URL": null, "date_created": "2013-02-06T22:37:44Z"}}, {"pk": 98, "model": "backend.album", "fields": {"is_deleted": false, "name": "Call On Me", "date_modified": "2013-02-06T22:37:44Z", "image_latest_rev": null, "image_URL": null, "date_created": "2013-02-06T22:37:44Z"}}, {"pk": 99, "model": "backend.album", "fields": {"is_deleted": false, "name": "U2 18 Greatest Hits", "date_modified": "2013-02-06T22:37:44Z", "image_latest_rev": null, "image_URL": null, "date_created": "2013-02-06T22:37:44Z"}}, {"pk": 100, "model": "backend.album", "fields": {"is_deleted": false, "name": "Appeal to Reason", "date_modified": "2013-02-06T22:37:44Z", "image_latest_rev": null, "image_URL": null, "date_created": "2013-02-06T22:37:44Z"}}, {"pk": 101, "model": "backend.album", "fields": {"is_deleted": false, "name": "GoodMusicAllDay.com Presents The Best Of June 5 - 10, 2011", "date_modified": "2013-02-06T22:37:44Z", "image_latest_rev": null, "image_URL": null, "date_created": "2013-02-06T22:37:44Z"}}, {"pk": 102, "model": "backend.album", "fields": {"is_deleted": false, "name": "(What's The Story) Morning Glory?", "date_modified": "2013-02-06T22:37:44Z", "image_latest_rev": null, "image_URL": null, "date_created": "2013-02-06T22:37:44Z"}}, {"pk": 103, "model": "backend.album", "fields": {"is_deleted": false, "name": "Scary Monsters and Nice Sprites", "date_modified": "2013-02-06T22:37:44Z", "image_latest_rev": null, "image_URL": null, "date_created": "2013-02-06T22:37:44Z"}}, {"pk": 104, "model": "backend.album", "fields": {"is_deleted": false, "name": "Reload", "date_modified": "2013-02-06T22:37:44Z", "image_latest_rev": null, "image_URL": null, "date_created": "2013-02-06T22:37:44Z"}}, {"pk": 105, "model": "backend.album", "fields": {"is_deleted": false, "name": "Serious Things", "date_modified": "2013-02-06T22:37:44Z", "image_latest_rev": null, "image_URL": null, "date_created": "2013-02-06T22:37:44Z"}}, {"pk": 106, "model": "backend.album", "fields": {"is_deleted": false, "name": "City of Dreams", "date_modified": "2013-02-06T22:37:44Z", "image_latest_rev": null, "image_URL": null, "date_created": "2013-02-06T22:37:44Z"}}, {"pk": 107, "model": "backend.album", "fields": {"is_deleted": false, "name": "Warrior", "date_modified": "2013-02-06T22:37:44Z", "image_latest_rev": null, "image_URL": null, "date_created": "2013-02-06T22:37:44Z"}}, {"pk": 108, "model": "backend.album", "fields": {"is_deleted": false, "name": "Take Me Home", "date_modified": "2013-02-06T22:37:44Z", "image_latest_rev": null, "image_URL": null, "date_created": "2013-02-06T22:37:44Z"}}, {"pk": 109, "model": "backend.album", "fields": {"is_deleted": false, "name": "Bon Jovi: Greatest Hits", "date_modified": "2013-02-06T22:37:44Z", "image_latest_rev": null, "image_URL": null, "date_created": "2013-02-06T22:37:44Z"}}, {"pk": 110, "model": "backend.album", "fields": {"is_deleted": false, "name": "18 Months", "date_modified": "2013-02-06T22:37:44Z", "image_latest_rev": null, "image_URL": null, "date_created": "2013-02-06T22:37:44Z"}}, {"pk": 111, "model": "backend.album", "fields": {"is_deleted": false, "name": "The Ultimate Experience", "date_modified": "2013-02-06T22:37:44Z", "image_latest_rev": null, "image_URL": null, "date_created": "2013-02-06T22:37:44Z"}}, {"pk": 112, "model": "backend.album", "fields": {"is_deleted": false, "name": "Girl on Fire", "date_modified": "2013-02-06T22:37:44Z", "image_latest_rev": null, "image_URL": null, "date_created": "2013-02-06T22:37:44Z"}}, {"pk": 113, "model": "backend.album", "fields": {"is_deleted": false, "name": "By the Way", "date_modified": "2013-02-06T22:37:44Z", "image_latest_rev": null, "image_URL": null, "date_created": "2013-02-06T22:37:44Z"}}, {"pk": 114, "model": "backend.album", "fields": {"is_deleted": false, "name": "Songs About Jane", "date_modified": "2013-02-06T22:37:44Z", "image_latest_rev": null, "image_URL": null, "date_created": "2013-02-06T22:37:44Z"}}, {"pk": 115, "model": "backend.album", "fields": {"is_deleted": false, "name": "Doo-Wops & Hooligans", "date_modified": "2013-02-06T22:37:44Z", "image_latest_rev": null, "image_URL": null, "date_created": "2013-02-06T22:37:44Z"}}, {"pk": 116, "model": "backend.album", "fields": {"is_deleted": false, "name": "The 20/20 Experience", "date_modified": "2013-02-06T22:37:44Z", "image_latest_rev": null, "image_URL": null, "date_created": "2013-02-06T22:37:44Z"}}, {"pk": 1, "model": "backend.musiccategory", "fields": {"date_created": "2013-02-06T22:37:35Z", "is_deleted": false, "name": "", "date_modified": "2013-02-06T22:37:35Z"}}, {"pk": 2, "model": "backend.musiccategory", "fields": {"date_created": "2013-02-06T22:37:35Z", "is_deleted": false, "name": "Hip Hop/Rap", "date_modified": "2013-02-06T22:37:35Z"}}, {"pk": 3, "model": "backend.musiccategory", "fields": {"date_created": "2013-02-06T22:37:35Z", "is_deleted": false, "name": "Dance", "date_modified": "2013-02-06T22:37:35Z"}}, {"pk": 4, "model": "backend.musiccategory", "fields": {"date_created": "2013-02-06T22:37:35Z", "is_deleted": false, "name": "Hip Hop/ RnB", "date_modified": "2013-02-06T22:37:35Z"}}, {"pk": 5, "model": "backend.musiccategory", "fields": {"date_created": "2013-02-06T22:37:35Z", "is_deleted": false, "name": "RnB/Soul", "date_modified": "2013-02-06T22:37:35Z"}}, {"pk": 6, "model": "backend.musiccategory", "fields": {"date_created": "2013-02-06T22:37:35Z", "is_deleted": false, "name": "Pop", "date_modified": "2013-02-06T22:37:35Z"}}, {"pk": 7, "model": "backend.musiccategory", "fields": {"date_created": "2013-02-06T22:37:35Z", "is_deleted": false, "name": "Hip Hop/ Rap", "date_modified": "2013-02-06T22:37:35Z"}}, {"pk": 8, "model": "backend.musiccategory", "fields": {"date_created": "2013-02-06T22:37:35Z", "is_deleted": false, "name": "Rock", "date_modified": "2013-02-06T22:37:35Z"}}, {"pk": 9, "model": "backend.musiccategory", "fields": {"date_created": "2013-02-06T22:37:35Z", "is_deleted": false, "name": "Alternative", "date_modified": "2013-02-06T22:37:35Z"}}, {"pk": 10, "model": "backend.musiccategory", "fields": {"date_created": "2013-02-06T22:37:35Z", "is_deleted": false, "name": "Electronic", "date_modified": "2013-02-06T22:37:35Z"}}, {"pk": 11, "model": "backend.musiccategory", "fields": {"date_created": "2013-02-06T22:37:35Z", "is_deleted": false, "name": "R&B/ Soul", "date_modified": "2013-02-06T22:37:35Z"}}, {"pk": 1, "model": "backend.musictrack", "fields": {"album": 84, "category": 8, "track_latest_rev": null, "is_deleted": false, "name": "Here Without You", "artist": 74, "track_URL": "none", "date_modified": "2013-02-06T22:38:04Z", "date_created": "2013-02-06T22:38:04Z"}}, {"pk": 2, "model": "backend.musictrack", "fields": {"album": 73, "category": 8, "track_latest_rev": null, "is_deleted": false, "name": "Kryptonite", "artist": 74, "track_URL": "none", "date_modified": "2013-02-06T22:38:04Z", "date_created": "2013-02-06T22:38:04Z"}}, {"pk": 3, "model": "backend.musictrack", "fields": {"album": 21, "category": 2, "track_latest_rev": null, "is_deleted": false, "name": "My Life", "artist": 11, "track_URL": "none", "date_modified": "2013-02-06T22:38:04Z", "date_created": "2013-02-06T22:38:04Z"}}, {"pk": 4, "model": "backend.musictrack", "fields": {"album": 19, "category": 8, "track_latest_rev": null, "is_deleted": false, "name": "Back in Black", "artist": 70, "track_URL": "none", "date_modified": "2013-02-06T22:38:05Z", "date_created": "2013-02-06T22:38:05Z"}}, {"pk": 5, "model": "backend.musictrack", "fields": {"album": 12, "category": 6, "track_latest_rev": null, "is_deleted": false, "name": "Skyfall", "artist": 73, "track_URL": "none", "date_modified": "2013-02-06T22:38:05Z", "date_created": "2013-02-06T22:38:05Z"}}, {"pk": 6, "model": "backend.musictrack", "fields": {"album": 37, "category": 4, "track_latest_rev": null, "is_deleted": false, "name": "Angel", "artist": 65, "track_URL": "none", "date_modified": "2013-02-06T22:38:05Z", "date_created": "2013-02-06T22:38:05Z"}}, {"pk": 7, "model": "backend.musictrack", "fields": {"album": 50, "category": 4, "track_latest_rev": null, "is_deleted": false, "name": "Right Now (Na Na Na)", "artist": 65, "track_URL": "none", "date_modified": "2013-02-06T22:38:05Z", "date_created": "2013-02-06T22:38:05Z"}}, {"pk": 8, "model": "backend.musictrack", "fields": {"album": 26, "category": 4, "track_latest_rev": null, "is_deleted": false, "name": "Smack That", "artist": 26, "track_URL": "none", "date_modified": "2013-02-06T22:38:05Z", "date_created": "2013-02-06T22:38:05Z"}}, {"pk": 9, "model": "backend.musictrack", "fields": {"album": 50, "category": 4, "track_latest_rev": null, "is_deleted": false, "name": "Beautiful", "artist": 57, "track_URL": "none", "date_modified": "2013-02-06T22:38:05Z", "date_created": "2013-02-06T22:38:05Z"}}, {"pk": 10, "model": "backend.musictrack", "fields": {"album": 106, "category": 3, "track_latest_rev": null, "is_deleted": false, "name": "City of Dreams", "artist": 20, "track_URL": "none", "date_modified": "2013-02-06T22:38:05Z", "date_created": "2013-02-06T22:38:05Z"}}, {"pk": 11, "model": "backend.musictrack", "fields": {"album": 112, "category": 11, "track_latest_rev": null, "is_deleted": false, "name": "Girl on Fire", "artist": 8, "track_URL": "none", "date_modified": "2013-02-06T22:38:05Z", "date_created": "2013-02-06T22:38:05Z"}}, {"pk": 12, "model": "backend.musictrack", "fields": {"album": 35, "category": 9, "track_latest_rev": null, "is_deleted": false, "name": "Fluorescent Adolescent", "artist": 29, "track_URL": "none", "date_modified": "2013-02-06T22:38:05Z", "date_created": "2013-02-06T22:38:05Z"}}, {"pk": 13, "model": "backend.musictrack", "fields": {"album": 1, "category": 3, "track_latest_rev": null, "is_deleted": false, "name": "Broken Tonight", "artist": 62, "track_URL": "none", "date_modified": "2013-02-06T22:38:05Z", "date_created": "2013-02-06T22:38:05Z"}}, {"pk": 14, "model": "backend.musictrack", "fields": {"album": 105, "category": 3, "track_latest_rev": null, "is_deleted": false, "name": "Levels", "artist": 6, "track_URL": "none", "date_modified": "2013-02-06T22:38:05Z", "date_created": "2013-02-06T22:38:05Z"}}, {"pk": 15, "model": "backend.musictrack", "fields": {"album": 3, "category": 3, "track_latest_rev": null, "is_deleted": false, "name": "Leave the World Behind", "artist": 59, "track_URL": "none", "date_modified": "2013-02-06T22:38:05Z", "date_created": "2013-02-06T22:38:05Z"}}, {"pk": 16, "model": "backend.musictrack", "fields": {"album": 15, "category": 11, "track_latest_rev": null, "is_deleted": false, "name": "Love On Top", "artist": 4, "track_URL": "none", "date_modified": "2013-02-06T22:38:05Z", "date_created": "2013-02-06T22:38:05Z"}}, {"pk": 17, "model": "backend.musictrack", "fields": {"album": 52, "category": 8, "track_latest_rev": null, "is_deleted": false, "name": "All the Small Things", "artist": 10, "track_URL": "none", "date_modified": "2013-02-06T22:38:05Z", "date_created": "2013-02-06T22:38:05Z"}}, {"pk": 18, "model": "backend.musictrack", "fields": {"album": 109, "category": 8, "track_latest_rev": null, "is_deleted": false, "name": "It's my life", "artist": 86, "track_URL": "none", "date_modified": "2013-02-06T22:38:05Z", "date_created": "2013-02-06T22:38:05Z"}}, {"pk": 19, "model": "backend.musictrack", "fields": {"album": 5, "category": 8, "track_latest_rev": null, "is_deleted": false, "name": "Livin' on a Prayer", "artist": 86, "track_URL": "none", "date_modified": "2013-02-06T22:38:05Z", "date_created": "2013-02-06T22:38:05Z"}}, {"pk": 20, "model": "backend.musictrack", "fields": {"album": 5, "category": 8, "track_latest_rev": null, "is_deleted": false, "name": "You Give Love a Bad Name", "artist": 86, "track_URL": "none", "date_modified": "2013-02-06T22:38:05Z", "date_created": "2013-02-06T22:38:05Z"}}, {"pk": 21, "model": "backend.musictrack", "fields": {"album": 69, "category": 8, "track_latest_rev": null, "is_deleted": false, "name": "I Will Not Bow", "artist": 16, "track_URL": "none", "date_modified": "2013-02-06T22:38:05Z", "date_created": "2013-02-06T22:38:05Z"}}, {"pk": 22, "model": "backend.musictrack", "fields": {"album": 115, "category": 6, "track_latest_rev": null, "is_deleted": false, "name": "Grenade", "artist": 78, "track_URL": "none", "date_modified": "2013-02-06T22:38:05Z", "date_created": "2013-02-06T22:38:05Z"}}, {"pk": 23, "model": "backend.musictrack", "fields": {"album": 47, "category": 6, "track_latest_rev": null, "is_deleted": false, "name": "It Will Rain", "artist": 78, "track_URL": "none", "date_modified": "2013-02-06T22:38:05Z", "date_created": "2013-02-06T22:38:05Z"}}, {"pk": 24, "model": "backend.musictrack", "fields": {"album": 115, "category": 6, "track_latest_rev": null, "is_deleted": false, "name": "Just the Way You Are", "artist": 78, "track_URL": "none", "date_modified": "2013-02-06T22:38:05Z", "date_created": "2013-02-06T22:38:05Z"}}, {"pk": 25, "model": "backend.musictrack", "fields": {"album": 43, "category": 6, "track_latest_rev": null, "is_deleted": false, "name": "Locked Out Of Heaven", "artist": 78, "track_URL": "none", "date_modified": "2013-02-06T22:38:05Z", "date_created": "2013-02-06T22:38:05Z"}}, {"pk": 26, "model": "backend.musictrack", "fields": {"album": 115, "category": 6, "track_latest_rev": null, "is_deleted": false, "name": "Marry You", "artist": 78, "track_URL": "none", "date_modified": "2013-02-06T22:38:05Z", "date_created": "2013-02-06T22:38:05Z"}}, {"pk": 27, "model": "backend.musictrack", "fields": {"album": 115, "category": 6, "track_latest_rev": null, "is_deleted": false, "name": "The Lazy Song", "artist": 78, "track_URL": "none", "date_modified": "2013-02-06T22:38:05Z", "date_created": "2013-02-06T22:38:05Z"}}, {"pk": 28, "model": "backend.musictrack", "fields": {"album": 82, "category": 1, "track_latest_rev": null, "is_deleted": false, "name": "Summer of 69", "artist": 37, "track_URL": "none", "date_modified": "2013-02-06T22:38:05Z", "date_created": "2013-02-06T22:38:05Z"}}, {"pk": 29, "model": "backend.musictrack", "fields": {"album": 110, "category": 3, "track_latest_rev": null, "is_deleted": false, "name": "Drinking from the Bottle", "artist": 80, "track_URL": "none", "date_modified": "2013-02-06T22:38:05Z", "date_created": "2013-02-06T22:38:05Z"}}, {"pk": 30, "model": "backend.musictrack", "fields": {"album": 28, "category": 3, "track_latest_rev": null, "is_deleted": false, "name": "Feel so Close", "artist": 80, "track_URL": "none", "date_modified": "2013-02-06T22:38:05Z", "date_created": "2013-02-06T22:38:05Z"}}, {"pk": 31, "model": "backend.musictrack", "fields": {"album": 110, "category": 3, "track_latest_rev": null, "is_deleted": false, "name": "Let's Go (ft. Neyo)", "artist": 80, "track_URL": "none", "date_modified": "2013-02-06T22:38:05Z", "date_created": "2013-02-06T22:38:05Z"}}, {"pk": 32, "model": "backend.musictrack", "fields": {"album": 110, "category": 3, "track_latest_rev": null, "is_deleted": false, "name": "Sweet Nothing", "artist": 80, "track_URL": "none", "date_modified": "2013-02-06T22:38:05Z", "date_created": "2013-02-06T22:38:05Z"}}, {"pk": 33, "model": "backend.musictrack", "fields": {"album": 24, "category": 6, "track_latest_rev": null, "is_deleted": false, "name": "Call Me Maybe", "artist": 17, "track_URL": "none", "date_modified": "2013-02-06T22:38:05Z", "date_created": "2013-02-06T22:38:05Z"}}, {"pk": 34, "model": "backend.musictrack", "fields": {"album": 29, "category": 6, "track_latest_rev": null, "is_deleted": false, "name": "A Thousand Years", "artist": 53, "track_URL": "none", "date_modified": "2013-02-06T22:38:06Z", "date_created": "2013-02-06T22:38:06Z"}}, {"pk": 35, "model": "backend.musictrack", "fields": {"album": 89, "category": 9, "track_latest_rev": null, "is_deleted": false, "name": "Paradise", "artist": 76, "track_URL": "none", "date_modified": "2013-02-06T22:38:06Z", "date_created": "2013-02-06T22:38:06Z"}}, {"pk": 36, "model": "backend.musictrack", "fields": {"album": 31, "category": 3, "track_latest_rev": null, "is_deleted": false, "name": "Just One Last Time", "artist": 31, "track_URL": "none", "date_modified": "2013-02-06T22:38:06Z", "date_created": "2013-02-06T22:38:06Z"}}, {"pk": 37, "model": "backend.musictrack", "fields": {"album": 31, "category": 3, "track_latest_rev": null, "is_deleted": false, "name": "Without You", "artist": 31, "track_URL": "none", "date_modified": "2013-02-06T22:38:06Z", "date_created": "2013-02-06T22:38:06Z"}}, {"pk": 38, "model": "backend.musictrack", "fields": {"album": 91, "category": 3, "track_latest_rev": null, "is_deleted": false, "name": "Titanium (Feat. Sia)", "artist": 9, "track_URL": "none", "date_modified": "2013-02-06T22:38:06Z", "date_created": "2013-02-06T22:38:06Z"}}, {"pk": 39, "model": "backend.musictrack", "fields": {"album": 27, "category": 3, "track_latest_rev": null, "is_deleted": false, "name": "Sexy Chic", "artist": 90, "track_URL": "none", "date_modified": "2013-02-06T22:38:06Z", "date_created": "2013-02-06T22:38:06Z"}}, {"pk": 40, "model": "backend.musictrack", "fields": {"album": 58, "category": 7, "track_latest_rev": null, "is_deleted": false, "name": "Headlines", "artist": 18, "track_URL": "none", "date_modified": "2013-02-06T22:38:06Z", "date_created": "2013-02-06T22:38:06Z"}}, {"pk": 41, "model": "backend.musictrack", "fields": {"album": 58, "category": 7, "track_latest_rev": null, "is_deleted": false, "name": "Take Care", "artist": 18, "track_URL": "none", "date_modified": "2013-02-06T22:38:06Z", "date_created": "2013-02-06T22:38:06Z"}}, {"pk": 42, "model": "backend.musictrack", "fields": {"album": 58, "category": 7, "track_latest_rev": null, "is_deleted": false, "name": "The Motto (ft Lil Wayne)", "artist": 18, "track_URL": "none", "date_modified": "2013-02-06T22:38:06Z", "date_created": "2013-02-06T22:38:06Z"}}, {"pk": 43, "model": "backend.musictrack", "fields": {"album": 58, "category": 7, "track_latest_rev": null, "is_deleted": false, "name": "The Real Her (ft Andre 300 & Lil Wayne)", "artist": 18, "track_URL": "none", "date_modified": "2013-02-06T22:38:06Z", "date_created": "2013-02-06T22:38:06Z"}}, {"pk": 44, "model": "backend.musictrack", "fields": {"album": 63, "category": 6, "track_latest_rev": null, "is_deleted": false, "name": "Lights", "artist": 46, "track_URL": "none", "date_modified": "2013-02-06T22:38:06Z", "date_created": "2013-02-06T22:38:06Z"}}, {"pk": 45, "model": "backend.musictrack", "fields": {"album": 70, "category": 7, "track_latest_rev": null, "is_deleted": false, "name": "Lose Yourself", "artist": 12, "track_URL": "none", "date_modified": "2013-02-06T22:38:06Z", "date_created": "2013-02-06T22:38:06Z"}}, {"pk": 46, "model": "backend.musictrack", "fields": {"album": 79, "category": 7, "track_latest_rev": null, "is_deleted": false, "name": "Mockingbird", "artist": 12, "track_URL": "none", "date_modified": "2013-02-06T22:38:06Z", "date_created": "2013-02-06T22:38:06Z"}}, {"pk": 47, "model": "backend.musictrack", "fields": {"album": 79, "category": 7, "track_latest_rev": null, "is_deleted": false, "name": "The Real Slim Shady", "artist": 12, "track_URL": "none", "date_modified": "2013-02-06T22:38:06Z", "date_created": "2013-02-06T22:38:06Z"}}, {"pk": 48, "model": "backend.musictrack", "fields": {"album": 42, "category": 7, "track_latest_rev": null, "is_deleted": false, "name": "Til I Collapse", "artist": 12, "track_URL": "none", "date_modified": "2013-02-06T22:38:06Z", "date_created": "2013-02-06T22:38:06Z"}}, {"pk": 49, "model": "backend.musictrack", "fields": {"album": 98, "category": 3, "track_latest_rev": null, "is_deleted": false, "name": "Call On Me", "artist": 83, "track_URL": "none", "date_modified": "2013-02-06T22:38:06Z", "date_created": "2013-02-06T22:38:06Z"}}, {"pk": 50, "model": "backend.musictrack", "fields": {"album": 72, "category": 3, "track_latest_rev": null, "is_deleted": false, "name": "Pjanoo (Club Mix)", "artist": 83, "track_URL": "none", "date_modified": "2013-02-06T22:38:06Z", "date_created": "2013-02-06T22:38:06Z"}}, {"pk": 51, "model": "backend.musictrack", "fields": {"album": 9, "category": 7, "track_latest_rev": null, "is_deleted": false, "name": "Good Feeling", "artist": 25, "track_URL": "none", "date_modified": "2013-02-06T22:38:06Z", "date_created": "2013-02-06T22:38:06Z"}}, {"pk": 52, "model": "backend.musictrack", "fields": {"album": 9, "category": 7, "track_latest_rev": null, "is_deleted": false, "name": "Let It Roll", "artist": 25, "track_URL": "none", "date_modified": "2013-02-06T22:38:06Z", "date_created": "2013-02-06T22:38:06Z"}}, {"pk": 53, "model": "backend.musictrack", "fields": {"album": 9, "category": 7, "track_latest_rev": null, "is_deleted": false, "name": "Whistle", "artist": 25, "track_URL": "none", "date_modified": "2013-02-06T22:38:06Z", "date_created": "2013-02-06T22:38:06Z"}}, {"pk": 54, "model": "backend.musictrack", "fields": {"album": 74, "category": 8, "track_latest_rev": null, "is_deleted": false, "name": "The Best Of U", "artist": 68, "track_URL": "none", "date_modified": "2013-02-06T22:38:06Z", "date_created": "2013-02-06T22:38:06Z"}}, {"pk": 55, "model": "backend.musictrack", "fields": {"album": 48, "category": 9, "track_latest_rev": null, "is_deleted": false, "name": "Pumped Up Kicks", "artist": 2, "track_URL": "none", "date_modified": "2013-02-06T22:38:06Z", "date_created": "2013-02-06T22:38:06Z"}}, {"pk": 56, "model": "backend.musictrack", "fields": {"album": 20, "category": 9, "track_latest_rev": null, "is_deleted": false, "name": "We are young", "artist": 38, "track_URL": "none", "date_modified": "2013-02-06T22:38:06Z", "date_created": "2013-02-06T22:38:06Z"}}, {"pk": 57, "model": "backend.musictrack", "fields": {"album": 92, "category": 9, "track_latest_rev": null, "is_deleted": false, "name": "Somebody That I Used To Know", "artist": 58, "track_URL": "none", "date_modified": "2013-02-06T22:38:06Z", "date_created": "2013-02-06T22:38:06Z"}}, {"pk": 58, "model": "backend.musictrack", "fields": {"album": 57, "category": 8, "track_latest_rev": null, "is_deleted": false, "name": "When I Come Around", "artist": 14, "track_URL": "none", "date_modified": "2013-02-06T22:38:06Z", "date_created": "2013-02-06T22:38:06Z"}}, {"pk": 59, "model": "backend.musictrack", "fields": {"album": 65, "category": 8, "track_latest_rev": null, "is_deleted": false, "name": "Paradise City", "artist": 39, "track_URL": "none", "date_modified": "2013-02-06T22:38:06Z", "date_created": "2013-02-06T22:38:06Z"}}, {"pk": 60, "model": "backend.musictrack", "fields": {"album": 101, "category": 8, "track_latest_rev": null, "is_deleted": false, "name": "Stereo Hearts", "artist": 40, "track_URL": "none", "date_modified": "2013-02-06T22:38:06Z", "date_created": "2013-02-06T22:38:06Z"}}, {"pk": 61, "model": "backend.musictrack", "fields": {"album": 51, "category": 9, "track_latest_rev": null, "is_deleted": false, "name": "It's Time", "artist": 28, "track_URL": "none", "date_modified": "2013-02-06T22:38:06Z", "date_created": "2013-02-06T22:38:06Z"}}, {"pk": 62, "model": "backend.musictrack", "fields": {"album": 111, "category": 8, "track_latest_rev": null, "is_deleted": false, "name": "All Along the Watchtower", "artist": 89, "track_URL": "none", "date_modified": "2013-02-06T22:38:06Z", "date_created": "2013-02-06T22:38:06Z"}}, {"pk": 63, "model": "backend.musictrack", "fields": {"album": 18, "category": 6, "track_latest_rev": null, "is_deleted": false, "name": "Beauty and a Beat", "artist": 81, "track_URL": "none", "date_modified": "2013-02-06T22:38:07Z", "date_created": "2013-02-06T22:38:07Z"}}, {"pk": 64, "model": "backend.musictrack", "fields": {"album": 116, "category": 6, "track_latest_rev": null, "is_deleted": false, "name": "Suit and Tie", "artist": 61, "track_URL": "none", "date_modified": "2013-02-06T22:38:07Z", "date_created": "2013-02-06T22:38:07Z"}}, {"pk": 65, "model": "backend.musictrack", "fields": {"album": 16, "category": 7, "track_latest_rev": null, "is_deleted": false, "name": "Clique", "artist": 71, "track_URL": "none", "date_modified": "2013-02-06T22:38:07Z", "date_created": "2013-02-06T22:38:07Z"}}, {"pk": 66, "model": "backend.musictrack", "fields": {"album": 66, "category": 7, "track_latest_rev": null, "is_deleted": false, "name": "Niggas In Paris", "artist": 91, "track_URL": "none", "date_modified": "2013-02-06T22:38:07Z", "date_created": "2013-02-06T22:38:07Z"}}, {"pk": 67, "model": "backend.musictrack", "fields": {"album": 94, "category": 6, "track_latest_rev": null, "is_deleted": false, "name": "The One That Got Away", "artist": 32, "track_URL": "none", "date_modified": "2013-02-06T22:38:07Z", "date_created": "2013-02-06T22:38:07Z"}}, {"pk": 68, "model": "backend.musictrack", "fields": {"album": 107, "category": 6, "track_latest_rev": null, "is_deleted": false, "name": "C'mon", "artist": 30, "track_URL": "none", "date_modified": "2013-02-06T22:38:07Z", "date_created": "2013-02-06T22:38:07Z"}}, {"pk": 69, "model": "backend.musictrack", "fields": {"album": 107, "category": 6, "track_latest_rev": null, "is_deleted": false, "name": "Die Young", "artist": 30, "track_URL": "none", "date_modified": "2013-02-06T22:38:07Z", "date_created": "2013-02-06T22:38:07Z"}}, {"pk": 70, "model": "backend.musictrack", "fields": {"album": 90, "category": 7, "track_latest_rev": null, "is_deleted": false, "name": "Pursuit Of Happiness", "artist": 69, "track_URL": "none", "date_modified": "2013-02-06T22:38:07Z", "date_created": "2013-02-06T22:38:07Z"}}, {"pk": 71, "model": "backend.musictrack", "fields": {"album": 40, "category": 6, "track_latest_rev": null, "is_deleted": false, "name": "Marry The Night", "artist": 85, "track_URL": "none", "date_modified": "2013-02-06T22:38:07Z", "date_created": "2013-02-06T22:38:07Z"}}, {"pk": 72, "model": "backend.musictrack", "fields": {"album": 13, "category": 8, "track_latest_rev": null, "is_deleted": false, "name": "Stairway to Heaven", "artist": 47, "track_URL": "none", "date_modified": "2013-02-06T22:38:07Z", "date_created": "2013-02-06T22:38:07Z"}}, {"pk": 73, "model": "backend.musictrack", "fields": {"album": 59, "category": 8, "track_latest_rev": null, "is_deleted": false, "name": "Crawling", "artist": 84, "track_URL": "none", "date_modified": "2013-02-06T22:38:07Z", "date_created": "2013-02-06T22:38:07Z"}}, {"pk": 74, "model": "backend.musictrack", "fields": {"album": 75, "category": 8, "track_latest_rev": null, "is_deleted": false, "name": "Faint", "artist": 84, "track_URL": "none", "date_modified": "2013-02-06T22:38:07Z", "date_created": "2013-02-06T22:38:07Z"}}, {"pk": 75, "model": "backend.musictrack", "fields": {"album": 59, "category": 8, "track_latest_rev": null, "is_deleted": false, "name": "In the End", "artist": 84, "track_URL": "none", "date_modified": "2013-02-06T22:38:07Z", "date_created": "2013-02-06T22:38:07Z"}}, {"pk": 76, "model": "backend.musictrack", "fields": {"album": 78, "category": 8, "track_latest_rev": null, "is_deleted": false, "name": "Numb", "artist": 84, "track_URL": "none", "date_modified": "2013-02-06T22:38:07Z", "date_created": "2013-02-06T22:38:07Z"}}, {"pk": 77, "model": "backend.musictrack", "fields": {"album": 75, "category": 8, "track_latest_rev": null, "is_deleted": false, "name": "Somewhere I Belong", "artist": 84, "track_URL": "none", "date_modified": "2013-02-06T22:38:07Z", "date_created": "2013-02-06T22:38:07Z"}}, {"pk": 78, "model": "backend.musictrack", "fields": {"album": 80, "category": 3, "track_latest_rev": null, "is_deleted": false, "name": "Party Rock Anthem", "artist": 63, "track_URL": "none", "date_modified": "2013-02-06T22:38:07Z", "date_created": "2013-02-06T22:38:07Z"}}, {"pk": 79, "model": "backend.musictrack", "fields": {"album": 87, "category": 3, "track_latest_rev": null, "is_deleted": false, "name": "Sexy and I Know It", "artist": 63, "track_URL": "none", "date_modified": "2013-02-06T22:38:07Z", "date_created": "2013-02-06T22:38:07Z"}}, {"pk": 80, "model": "backend.musictrack", "fields": {"album": 83, "category": 9, "track_latest_rev": null, "is_deleted": false, "name": "Midnight City", "artist": 79, "track_URL": "none", "date_modified": "2013-02-06T22:38:07Z", "date_created": "2013-02-06T22:38:07Z"}}, {"pk": 81, "model": "backend.musictrack", "fields": {"album": 32, "category": 7, "track_latest_rev": null, "is_deleted": false, "name": "Thrift Shop", "artist": 27, "track_URL": "none", "date_modified": "2013-02-06T22:38:07Z", "date_created": "2013-02-06T22:38:07Z"}}, {"pk": 82, "model": "backend.musictrack", "fields": {"album": 10, "category": 6, "track_latest_rev": null, "is_deleted": false, "name": "Daylight", "artist": 56, "track_URL": "none", "date_modified": "2013-02-06T22:38:07Z", "date_created": "2013-02-06T22:38:07Z"}}, {"pk": 83, "model": "backend.musictrack", "fields": {"album": 85, "category": 6, "track_latest_rev": null, "is_deleted": false, "name": "Moves Like Jagger", "artist": 56, "track_URL": "none", "date_modified": "2013-02-06T22:38:07Z", "date_created": "2013-02-06T22:38:07Z"}}, {"pk": 84, "model": "backend.musictrack", "fields": {"album": 10, "category": 6, "track_latest_rev": null, "is_deleted": false, "name": "One More Night", "artist": 56, "track_URL": "none", "date_modified": "2013-02-06T22:38:07Z", "date_created": "2013-02-06T22:38:07Z"}}, {"pk": 85, "model": "backend.musictrack", "fields": {"album": 10, "category": 6, "track_latest_rev": null, "is_deleted": false, "name": "Payphone", "artist": 56, "track_URL": "none", "date_modified": "2013-02-06T22:38:07Z", "date_created": "2013-02-06T22:38:07Z"}}, {"pk": 86, "model": "backend.musictrack", "fields": {"album": 114, "category": 6, "track_latest_rev": null, "is_deleted": false, "name": "She Will Be Loved", "artist": 56, "track_URL": "none", "date_modified": "2013-02-06T22:38:07Z", "date_created": "2013-02-06T22:38:07Z"}}, {"pk": 87, "model": "backend.musictrack", "fields": {"album": 53, "category": 6, "track_latest_rev": null, "is_deleted": false, "name": "This Love", "artist": 56, "track_URL": "none", "date_modified": "2013-02-06T22:38:07Z", "date_created": "2013-02-06T22:38:07Z"}}, {"pk": 88, "model": "backend.musictrack", "fields": {"album": 93, "category": 8, "track_latest_rev": null, "is_deleted": false, "name": "Enter Sandman", "artist": 45, "track_URL": "none", "date_modified": "2013-02-06T22:38:07Z", "date_created": "2013-02-06T22:38:07Z"}}, {"pk": 89, "model": "backend.musictrack", "fields": {"album": 104, "category": 8, "track_latest_rev": null, "is_deleted": false, "name": "The Unforgiven II", "artist": 45, "track_URL": "none", "date_modified": "2013-02-06T22:38:07Z", "date_created": "2013-02-06T22:38:07Z"}}, {"pk": 90, "model": "backend.musictrack", "fields": {"album": 25, "category": 10, "track_latest_rev": null, "is_deleted": false, "name": "Bad Girls", "artist": 60, "track_URL": "none", "date_modified": "2013-02-06T22:38:07Z", "date_created": "2013-02-06T22:38:07Z"}}, {"pk": 91, "model": "backend.musictrack", "fields": {"album": 55, "category": 9, "track_latest_rev": null, "is_deleted": false, "name": "Electric Feel (Album Version)", "artist": 21, "track_URL": "none", "date_modified": "2013-02-06T22:38:07Z", "date_created": "2013-02-06T22:38:07Z"}}, {"pk": 92, "model": "backend.musictrack", "fields": {"album": 55, "category": 9, "track_latest_rev": null, "is_deleted": false, "name": "Kids (Album Version)", "artist": 21, "track_URL": "none", "date_modified": "2013-02-06T22:38:07Z", "date_created": "2013-02-06T22:38:07Z"}}, {"pk": 93, "model": "backend.musictrack", "fields": {"album": 38, "category": 9, "track_latest_rev": null, "is_deleted": false, "name": "Starlight", "artist": 41, "track_URL": "none", "date_modified": "2013-02-06T22:38:07Z", "date_created": "2013-02-06T22:38:07Z"}}, {"pk": 94, "model": "backend.musictrack", "fields": {"album": 68, "category": 9, "track_latest_rev": null, "is_deleted": false, "name": "Uprising (Album Version)", "artist": 41, "track_URL": "none", "date_modified": "2013-02-06T22:38:08Z", "date_created": "2013-02-06T22:38:08Z"}}, {"pk": 95, "model": "backend.musictrack", "fields": {"album": 77, "category": 7, "track_latest_rev": null, "is_deleted": false, "name": "Just a Dream", "artist": 42, "track_URL": "none", "date_modified": "2013-02-06T22:38:08Z", "date_created": "2013-02-06T22:38:08Z"}}, {"pk": 96, "model": "backend.musictrack", "fields": {"album": 8, "category": 8, "track_latest_rev": null, "is_deleted": false, "name": "Far Away", "artist": 48, "track_URL": "none", "date_modified": "2013-02-06T22:38:08Z", "date_created": "2013-02-06T22:38:08Z"}}, {"pk": 97, "model": "backend.musictrack", "fields": {"album": 2, "category": 7, "track_latest_rev": null, "is_deleted": false, "name": "Starships", "artist": 3, "track_URL": "none", "date_modified": "2013-02-06T22:38:08Z", "date_created": "2013-02-06T22:38:08Z"}}, {"pk": 98, "model": "backend.musictrack", "fields": {"album": 2, "category": 7, "track_latest_rev": null, "is_deleted": false, "name": "Super Bass", "artist": 3, "track_URL": "none", "date_modified": "2013-02-06T22:38:08Z", "date_created": "2013-02-06T22:38:08Z"}}, {"pk": 99, "model": "backend.musictrack", "fields": {"album": 14, "category": 8, "track_latest_rev": null, "is_deleted": false, "name": "In Bloom", "artist": 13, "track_URL": "none", "date_modified": "2013-02-06T22:38:08Z", "date_created": "2013-02-06T22:38:08Z"}}, {"pk": 100, "model": "backend.musictrack", "fields": {"album": 14, "category": 8, "track_latest_rev": null, "is_deleted": false, "name": "Smells Like Teen Spirit", "artist": 13, "track_URL": "none", "date_modified": "2013-02-06T22:38:08Z", "date_created": "2013-02-06T22:38:08Z"}}, {"pk": 101, "model": "backend.musictrack", "fields": {"album": 102, "category": 8, "track_latest_rev": null, "is_deleted": false, "name": "Wonderwall", "artist": 54, "track_URL": "none", "date_modified": "2013-02-06T22:38:08Z", "date_created": "2013-02-06T22:38:08Z"}}, {"pk": 102, "model": "backend.musictrack", "fields": {"album": 97, "category": 9, "track_latest_rev": null, "is_deleted": false, "name": "Little Talks", "artist": 67, "track_URL": "none", "date_modified": "2013-02-06T22:38:08Z", "date_created": "2013-02-06T22:38:08Z"}}, {"pk": 103, "model": "backend.musictrack", "fields": {"album": 108, "category": 6, "track_latest_rev": null, "is_deleted": false, "name": "Kiss You", "artist": 50, "track_URL": "none", "date_modified": "2013-02-06T22:38:08Z", "date_created": "2013-02-06T22:38:08Z"}}, {"pk": 104, "model": "backend.musictrack", "fields": {"album": 11, "category": 6, "track_latest_rev": null, "is_deleted": false, "name": "What Makes You Beautiful", "artist": 50, "track_URL": "none", "date_modified": "2013-02-06T22:38:08Z", "date_created": "2013-02-06T22:38:08Z"}}, {"pk": 105, "model": "backend.musictrack", "fields": {"album": 36, "category": 8, "track_latest_rev": null, "is_deleted": false, "name": "Good Life", "artist": 44, "track_URL": "none", "date_modified": "2013-02-06T22:38:08Z", "date_created": "2013-02-06T22:38:08Z"}}, {"pk": 106, "model": "backend.musictrack", "fields": {"album": 81, "category": 8, "track_latest_rev": null, "is_deleted": false, "name": "Just Breathe", "artist": 35, "track_URL": "none", "date_modified": "2013-02-06T22:38:08Z", "date_created": "2013-02-06T22:38:08Z"}}, {"pk": 107, "model": "backend.musictrack", "fields": {"album": 67, "category": 3, "track_latest_rev": null, "is_deleted": false, "name": "The Island", "artist": 24, "track_URL": "none", "date_modified": "2013-02-06T22:38:08Z", "date_created": "2013-02-06T22:38:08Z"}}, {"pk": 108, "model": "backend.musictrack", "fields": {"album": 33, "category": 6, "track_latest_rev": null, "is_deleted": false, "name": "Blow Me", "artist": 1, "track_URL": "none", "date_modified": "2013-02-06T22:38:08Z", "date_created": "2013-02-06T22:38:08Z"}}, {"pk": 109, "model": "backend.musictrack", "fields": {"album": 33, "category": 6, "track_latest_rev": null, "is_deleted": false, "name": "Try", "artist": 1, "track_URL": "none", "date_modified": "2013-02-06T22:38:08Z", "date_created": "2013-02-06T22:38:08Z"}}, {"pk": 110, "model": "backend.musictrack", "fields": {"album": 60, "category": 7, "track_latest_rev": null, "is_deleted": false, "name": "Don\u2019t Stop the Party", "artist": 51, "track_URL": "none", "date_modified": "2013-02-06T22:38:08Z", "date_created": "2013-02-06T22:38:08Z"}}, {"pk": 111, "model": "backend.musictrack", "fields": {"album": 56, "category": 6, "track_latest_rev": null, "is_deleted": false, "name": "Gangnam Style", "artist": 15, "track_URL": "none", "date_modified": "2013-02-06T22:38:08Z", "date_created": "2013-02-06T22:38:08Z"}}, {"pk": 112, "model": "backend.musictrack", "fields": {"album": 23, "category": 8, "track_latest_rev": null, "is_deleted": false, "name": "Don't Stop Me Now", "artist": 55, "track_URL": "none", "date_modified": "2013-02-06T22:38:08Z", "date_created": "2013-02-06T22:38:08Z"}}, {"pk": 113, "model": "backend.musictrack", "fields": {"album": 113, "category": 9, "track_latest_rev": null, "is_deleted": false, "name": "By the Way", "artist": 33, "track_URL": "none", "date_modified": "2013-02-06T22:38:08Z", "date_created": "2013-02-06T22:38:08Z"}}, {"pk": 114, "model": "backend.musictrack", "fields": {"album": 71, "category": 9, "track_latest_rev": null, "is_deleted": false, "name": "Scar Tissue (Album Version)", "artist": 33, "track_URL": "none", "date_modified": "2013-02-06T22:38:08Z", "date_created": "2013-02-06T22:38:08Z"}}, {"pk": 115, "model": "backend.musictrack", "fields": {"album": 113, "category": 9, "track_latest_rev": null, "is_deleted": false, "name": "The Zephyr Song", "artist": 33, "track_URL": "none", "date_modified": "2013-02-06T22:38:08Z", "date_created": "2013-02-06T22:38:08Z"}}, {"pk": 116, "model": "backend.musictrack", "fields": {"album": 22, "category": 6, "track_latest_rev": null, "is_deleted": false, "name": "Diamonds", "artist": 5, "track_URL": "none", "date_modified": "2013-02-06T22:38:08Z", "date_created": "2013-02-06T22:38:08Z"}}, {"pk": 117, "model": "backend.musictrack", "fields": {"album": 49, "category": 6, "track_latest_rev": null, "is_deleted": false, "name": "Rude Boy", "artist": 5, "track_URL": "none", "date_modified": "2013-02-06T22:38:08Z", "date_created": "2013-02-06T22:38:08Z"}}, {"pk": 118, "model": "backend.musictrack", "fields": {"album": 61, "category": 6, "track_latest_rev": null, "is_deleted": false, "name": "We Found Love", "artist": 5, "track_URL": "none", "date_modified": "2013-02-06T22:38:08Z", "date_created": "2013-02-06T22:38:08Z"}}, {"pk": 119, "model": "backend.musictrack", "fields": {"album": 61, "category": 6, "track_latest_rev": null, "is_deleted": false, "name": "Where Have You Been", "artist": 5, "track_URL": "none", "date_modified": "2013-02-06T22:38:08Z", "date_created": "2013-02-06T22:38:08Z"}}, {"pk": 120, "model": "backend.musictrack", "fields": {"album": 7, "category": 8, "track_latest_rev": null, "is_deleted": false, "name": "Prayer of the Refugee", "artist": 87, "track_URL": "none", "date_modified": "2013-02-06T22:38:08Z", "date_created": "2013-02-06T22:38:08Z"}}, {"pk": 121, "model": "backend.musictrack", "fields": {"album": 96, "category": 8, "track_latest_rev": null, "is_deleted": false, "name": "Satellite", "artist": 87, "track_URL": "none", "date_modified": "2013-02-06T22:38:08Z", "date_created": "2013-02-06T22:38:08Z"}}, {"pk": 122, "model": "backend.musictrack", "fields": {"album": 100, "category": 8, "track_latest_rev": null, "is_deleted": false, "name": "Savior", "artist": 87, "track_URL": "none", "date_modified": "2013-02-06T22:38:08Z", "date_created": "2013-02-06T22:38:08Z"}}, {"pk": 123, "model": "backend.musictrack", "fields": {"album": 54, "category": 6, "track_latest_rev": null, "is_deleted": false, "name": "Candy", "artist": 82, "track_URL": "none", "date_modified": "2013-02-06T22:38:08Z", "date_created": "2013-02-06T22:38:08Z"}}, {"pk": 124, "model": "backend.musictrack", "fields": {"album": 6, "category": 3, "track_latest_rev": null, "is_deleted": false, "name": "Bangarang", "artist": 64, "track_URL": "none", "date_modified": "2013-02-06T22:38:09Z", "date_created": "2013-02-06T22:38:09Z"}}, {"pk": 125, "model": "backend.musictrack", "fields": {"album": 103, "category": 3, "track_latest_rev": null, "is_deleted": false, "name": "Cinema", "artist": 64, "track_URL": "none", "date_modified": "2013-02-06T22:38:09Z", "date_created": "2013-02-06T22:38:09Z"}}, {"pk": 126, "model": "backend.musictrack", "fields": {"album": 103, "category": 3, "track_latest_rev": null, "is_deleted": false, "name": "Kill EVERYBODY", "artist": 64, "track_URL": "none", "date_modified": "2013-02-06T22:38:09Z", "date_created": "2013-02-06T22:38:09Z"}}, {"pk": 127, "model": "backend.musictrack", "fields": {"album": 103, "category": 3, "track_latest_rev": null, "is_deleted": false, "name": "Scary Monsters and Nice Spirits", "artist": 64, "track_URL": "none", "date_modified": "2013-02-06T22:38:09Z", "date_created": "2013-02-06T22:38:09Z"}}, {"pk": 128, "model": "backend.musictrack", "fields": {"album": 103, "category": 3, "track_latest_rev": null, "is_deleted": false, "name": "Scary Monsters and Nice Sprites", "artist": 64, "track_URL": "none", "date_modified": "2013-02-06T22:38:09Z", "date_created": "2013-02-06T22:38:09Z"}}, {"pk": 129, "model": "backend.musictrack", "fields": {"album": 30, "category": 1, "track_latest_rev": null, "is_deleted": false, "name": "Santeria", "artist": 22, "track_URL": "none", "date_modified": "2013-02-06T22:38:09Z", "date_created": "2013-02-06T22:38:09Z"}}, {"pk": 130, "model": "backend.musictrack", "fields": {"album": 88, "category": 3, "track_latest_rev": null, "is_deleted": false, "name": "Don't You Worry Child", "artist": 49, "track_URL": "none", "date_modified": "2013-02-06T22:38:09Z", "date_created": "2013-02-06T22:38:09Z"}}, {"pk": 131, "model": "backend.musictrack", "fields": {"album": 41, "category": 6, "track_latest_rev": null, "is_deleted": false, "name": "I Knew You Were Trouble", "artist": 77, "track_URL": "none", "date_modified": "2013-02-06T22:38:09Z", "date_created": "2013-02-06T22:38:09Z"}}, {"pk": 132, "model": "backend.musictrack", "fields": {"album": 41, "category": 6, "track_latest_rev": null, "is_deleted": false, "name": "We Are Never Getting Back Together", "artist": 77, "track_URL": "none", "date_modified": "2013-02-06T22:38:09Z", "date_created": "2013-02-06T22:38:09Z"}}, {"pk": 133, "model": "backend.musictrack", "fields": {"album": 44, "category": 9, "track_latest_rev": null, "is_deleted": false, "name": "Gold on the Ceiling", "artist": 19, "track_URL": "none", "date_modified": "2013-02-06T22:38:09Z", "date_created": "2013-02-06T22:38:09Z"}}, {"pk": 134, "model": "backend.musictrack", "fields": {"album": 44, "category": 9, "track_latest_rev": null, "is_deleted": false, "name": "Lonely Boy", "artist": 19, "track_URL": "none", "date_modified": "2013-02-06T22:38:09Z", "date_created": "2013-02-06T22:38:09Z"}}, {"pk": 135, "model": "backend.musictrack", "fields": {"album": 4, "category": 9, "track_latest_rev": null, "is_deleted": false, "name": "Ho Hey", "artist": 88, "track_URL": "none", "date_modified": "2013-02-06T22:38:09Z", "date_created": "2013-02-06T22:38:09Z"}}, {"pk": 136, "model": "backend.musictrack", "fields": {"album": 86, "category": 8, "track_latest_rev": null, "is_deleted": false, "name": "Every Little Thing She Does Is Magic", "artist": 75, "track_URL": "none", "date_modified": "2013-02-06T22:38:09Z", "date_created": "2013-02-06T22:38:09Z"}}, {"pk": 137, "model": "backend.musictrack", "fields": {"album": 17, "category": 9, "track_latest_rev": null, "is_deleted": false, "name": "Last Night", "artist": 23, "track_URL": "none", "date_modified": "2013-02-06T22:38:09Z", "date_created": "2013-02-06T22:38:09Z"}}, {"pk": 138, "model": "backend.musictrack", "fields": {"album": 62, "category": 5, "track_latest_rev": null, "is_deleted": false, "name": "Wicked Games", "artist": 7, "track_URL": "none", "date_modified": "2013-02-06T22:38:09Z", "date_created": "2013-02-06T22:38:09Z"}}, {"pk": 139, "model": "backend.musictrack", "fields": {"album": 39, "category": 8, "track_latest_rev": null, "is_deleted": false, "name": "Drive By", "artist": 66, "track_URL": "none", "date_modified": "2013-02-06T22:38:09Z", "date_created": "2013-02-06T22:38:09Z"}}, {"pk": 140, "model": "backend.musictrack", "fields": {"album": 34, "category": 7, "track_latest_rev": null, "is_deleted": false, "name": "Do My Dance", "artist": 36, "track_URL": "none", "date_modified": "2013-02-06T22:38:09Z", "date_created": "2013-02-06T22:38:09Z"}}, {"pk": 141, "model": "backend.musictrack", "fields": {"album": 76, "category": 7, "track_latest_rev": null, "is_deleted": false, "name": "Faded (ft. Lil wayne)", "artist": 36, "track_URL": "none", "date_modified": "2013-02-06T22:38:09Z", "date_created": "2013-02-06T22:38:09Z"}}, {"pk": 142, "model": "backend.musictrack", "fields": {"album": 64, "category": 7, "track_latest_rev": null, "is_deleted": false, "name": "Rack City", "artist": 36, "track_URL": "none", "date_modified": "2013-02-06T22:38:09Z", "date_created": "2013-02-06T22:38:09Z"}}, {"pk": 143, "model": "backend.musictrack", "fields": {"album": 99, "category": 8, "track_latest_rev": null, "is_deleted": false, "name": "Beatiful Day", "artist": 34, "track_URL": "none", "date_modified": "2013-02-06T22:38:09Z", "date_created": "2013-02-06T22:38:09Z"}}, {"pk": 144, "model": "backend.musictrack", "fields": {"album": 23, "category": 8, "track_latest_rev": null, "is_deleted": false, "name": "One", "artist": 34, "track_URL": "none", "date_modified": "2013-02-06T22:38:09Z", "date_created": "2013-02-06T22:38:09Z"}}, {"pk": 145, "model": "backend.musictrack", "fields": {"album": 95, "category": 5, "track_latest_rev": null, "is_deleted": false, "name": "DJ Got Us Falling In Love Again", "artist": 43, "track_URL": "none", "date_modified": "2013-02-06T22:38:09Z", "date_created": "2013-02-06T22:38:09Z"}}, {"pk": 146, "model": "backend.musictrack", "fields": {"album": 46, "category": 9, "track_latest_rev": null, "is_deleted": false, "name": "Island in the Sun", "artist": 52, "track_URL": "none", "date_modified": "2013-02-06T22:38:09Z", "date_created": "2013-02-06T22:38:09Z"}}, {"pk": 147, "model": "backend.musictrack", "fields": {"album": 45, "category": 6, "track_latest_rev": null, "is_deleted": false, "name": "Scream and Shout", "artist": 72, "track_URL": "none", "date_modified": "2013-02-06T22:38:09Z", "date_created": "2013-02-06T22:38:09Z"}}, {"pk": 1, "model": "backend.playlist", "fields": {"date_created": "2013-02-06T22:37:29Z", "is_deleted": false, "location": 1, "date_modified": "2013-02-06T22:37:29Z"}}]