[{"pk": 1, "model": "backend.location", "fields": {"phone_number": "(604) 441-2685", "is_deleted": false, "name": "Restaurant 1", "date_modified": "2013-02-01T20:43:46Z", "location": "Vancouver", "date_created": "2013-02-01T20:43:46Z"}}, {"pk": 1, "model": "backend.artist", "fields": {"date_created": "2013-02-01T20:44:24Z", "is_deleted": false, "name": "Justin Bieber", "date_modified": "2013-02-01T20:44:24Z"}}, {"pk": 2, "model": "backend.artist", "fields": {"date_created": "2013-02-01T20:44:24Z", "is_deleted": false, "name": "Pink", "date_modified": "2013-02-01T20:44:24Z"}}, {"pk": 3, "model": "backend.artist", "fields": {"date_created": "2013-02-01T20:44:24Z", "is_deleted": false, "name": "Ke$ha", "date_modified": "2013-02-01T20:44:24Z"}}, {"pk": 4, "model": "backend.artist", "fields": {"date_created": "2013-02-01T20:44:24Z", "is_deleted": false, "name": "Robbie Williams", "date_modified": "2013-02-01T20:44:24Z"}}, {"pk": 5, "model": "backend.artist", "fields": {"date_created": "2013-02-01T20:44:24Z", "is_deleted": false, "name": "Kanye West", "date_modified": "2013-02-01T20:44:24Z"}}, {"pk": 6, "model": "backend.artist", "fields": {"date_created": "2013-02-01T20:44:24Z", "is_deleted": false, "name": "Maroon 5", "date_modified": "2013-02-01T20:44:24Z"}}, {"pk": 7, "model": "backend.artist", "fields": {"date_created": "2013-02-01T20:44:24Z", "is_deleted": false, "name": "Rihanna", "date_modified": "2013-02-01T20:44:24Z"}}, {"pk": 8, "model": "backend.artist", "fields": {"date_created": "2013-02-01T20:44:24Z", "is_deleted": false, "name": "Tyga", "date_modified": "2013-02-01T20:44:24Z"}}, {"pk": 9, "model": "backend.artist", "fields": {"date_created": "2013-02-01T20:44:24Z", "is_deleted": false, "name": "Swedish House Mafia", "date_modified": "2013-02-01T20:44:24Z"}}, {"pk": 10, "model": "backend.artist", "fields": {"date_created": "2013-02-01T20:44:24Z", "is_deleted": false, "name": "Pitbull", "date_modified": "2013-02-01T20:44:24Z"}}, {"pk": 11, "model": "backend.artist", "fields": {"date_created": "2013-02-01T20:44:24Z", "is_deleted": false, "name": "Calvin Harris", "date_modified": "2013-02-01T20:44:24Z"}}, {"pk": 12, "model": "backend.artist", "fields": {"date_created": "2013-02-01T20:44:24Z", "is_deleted": false, "name": "Nickelback", "date_modified": "2013-02-01T20:44:24Z"}}, {"pk": 13, "model": "backend.artist", "fields": {"date_created": "2013-02-01T20:44:24Z", "is_deleted": false, "name": "Psy", "date_modified": "2013-02-01T20:44:24Z"}}, {"pk": 14, "model": "backend.artist", "fields": {"date_created": "2013-02-01T20:44:24Z", "is_deleted": false, "name": "Alicia Keys", "date_modified": "2013-02-01T20:44:24Z"}}, {"pk": 15, "model": "backend.artist", "fields": {"date_created": "2013-02-01T20:44:24Z", "is_deleted": false, "name": "Flo Rida", "date_modified": "2013-02-01T20:44:24Z"}}, {"pk": 16, "model": "backend.artist", "fields": {"date_created": "2013-02-01T20:44:24Z", "is_deleted": false, "name": "Anne Hathaway", "date_modified": "2013-02-01T20:44:24Z"}}, {"pk": 17, "model": "backend.artist", "fields": {"date_created": "2013-02-01T20:44:24Z", "is_deleted": false, "name": "Taylor Swift", "date_modified": "2013-02-01T20:44:24Z"}}, {"pk": 18, "model": "backend.artist", "fields": {"date_created": "2013-02-01T20:44:24Z", "is_deleted": false, "name": "Bruno Mars", "date_modified": "2013-02-01T20:44:24Z"}}, {"pk": 19, "model": "backend.artist", "fields": {"date_created": "2013-02-01T20:44:24Z", "is_deleted": false, "name": "David Guetta", "date_modified": "2013-02-01T20:44:24Z"}}, {"pk": 20, "model": "backend.artist", "fields": {"date_created": "2013-02-01T20:44:24Z", "is_deleted": false, "name": "One direction", "date_modified": "2013-02-01T20:44:24Z"}}, {"pk": 21, "model": "backend.artist", "fields": {"date_created": "2013-02-01T20:44:24Z", "is_deleted": false, "name": "Flo Rida", "date_modified": "2013-02-01T20:44:24Z"}}, {"pk": 22, "model": "backend.artist", "fields": {"date_created": "2013-02-01T20:44:24Z", "is_deleted": false, "name": "Avicii", "date_modified": "2013-02-01T20:44:24Z"}}, {"pk": 23, "model": "backend.artist", "fields": {"date_created": "2013-02-01T20:44:24Z", "is_deleted": false, "name": "Bruno Mars", "date_modified": "2013-02-01T20:44:24Z"}}, {"pk": 24, "model": "backend.artist", "fields": {"date_created": "2013-02-01T20:44:24Z", "is_deleted": false, "name": "Beyonce", "date_modified": "2013-02-01T20:44:24Z"}}, {"pk": 25, "model": "backend.artist", "fields": {"date_created": "2013-02-01T20:44:24Z", "is_deleted": false, "name": "Lady Gaga", "date_modified": "2013-02-01T20:44:24Z"}}, {"pk": 26, "model": "backend.artist", "fields": {"date_created": "2013-02-01T20:44:24Z", "is_deleted": false, "name": "Maroon 5", "date_modified": "2013-02-01T20:44:24Z"}}, {"pk": 27, "model": "backend.artist", "fields": {"date_created": "2013-02-01T20:44:24Z", "is_deleted": false, "name": "50 cent", "date_modified": "2013-02-01T20:44:24Z"}}, {"pk": 28, "model": "backend.artist", "fields": {"date_created": "2013-02-01T20:44:24Z", "is_deleted": false, "name": "Coldplay", "date_modified": "2013-02-01T20:44:24Z"}}, {"pk": 29, "model": "backend.artist", "fields": {"date_created": "2013-02-01T20:44:24Z", "is_deleted": false, "name": "Skrillex", "date_modified": "2013-02-01T20:44:24Z"}}, {"pk": 30, "model": "backend.artist", "fields": {"date_created": "2013-02-01T20:44:24Z", "is_deleted": false, "name": "will.i.am", "date_modified": "2013-02-01T20:44:24Z"}}, {"pk": 31, "model": "backend.artist", "fields": {"date_created": "2013-02-01T20:44:24Z", "is_deleted": false, "name": "Adele", "date_modified": "2013-02-01T20:44:24Z"}}, {"pk": 32, "model": "backend.artist", "fields": {"date_created": "2013-02-01T20:44:24Z", "is_deleted": false, "name": "Artist", "date_modified": "2013-02-01T20:44:24Z"}}, {"pk": 33, "model": "backend.artist", "fields": {"date_created": "2013-02-01T20:44:24Z", "is_deleted": false, "name": "Justin Timberlake", "date_modified": "2013-02-01T20:44:24Z"}}, {"pk": 34, "model": "backend.artist", "fields": {"date_created": "2013-02-01T20:44:24Z", "is_deleted": false, "name": "Calvin Harris", "date_modified": "2013-02-01T20:44:24Z"}}, {"pk": 35, "model": "backend.artist", "fields": {"date_created": "2013-02-01T20:44:24Z", "is_deleted": false, "name": "Pendulum", "date_modified": "2013-02-01T20:44:24Z"}}, {"pk": 36, "model": "backend.artist", "fields": {"date_created": "2013-02-01T20:44:24Z", "is_deleted": false, "name": "Katy Perry", "date_modified": "2013-02-01T20:44:24Z"}}, {"pk": 37, "model": "backend.artist", "fields": {"date_created": "2013-02-01T20:44:24Z", "is_deleted": false, "name": "Pink", "date_modified": "2013-02-01T20:44:24Z"}}, {"pk": 38, "model": "backend.artist", "fields": {"date_created": "2013-02-01T20:44:24Z", "is_deleted": false, "name": "Taylor Swift", "date_modified": "2013-02-01T20:44:24Z"}}, {"pk": 39, "model": "backend.artist", "fields": {"date_created": "2013-02-01T20:44:24Z", "is_deleted": false, "name": "Rihanna", "date_modified": "2013-02-01T20:44:24Z"}}, {"pk": 40, "model": "backend.artist", "fields": {"date_created": "2013-02-01T20:44:24Z", "is_deleted": false, "name": "One direction", "date_modified": "2013-02-01T20:44:24Z"}}, {"pk": 41, "model": "backend.artist", "fields": {"date_created": "2013-02-01T20:44:24Z", "is_deleted": false, "name": "David Guetta", "date_modified": "2013-02-01T20:44:24Z"}}, {"pk": 1, "model": "backend.album", "fields": {"is_deleted": false, "name": "Angel Single", "date_modified": "2013-02-01T20:44:43Z", "image_latest_rev": null, "image_URL": "none", "date_created": "2013-02-01T20:44:43Z"}}, {"pk": 2, "model": "backend.album", "fields": {"is_deleted": false, "name": "Freedom", "date_modified": "2013-02-01T20:44:43Z", "image_latest_rev": null, "image_URL": "none", "date_created": "2013-02-01T20:44:43Z"}}, {"pk": 3, "model": "backend.album", "fields": {"is_deleted": false, "name": "Believe", "date_modified": "2013-02-01T20:44:43Z", "image_latest_rev": null, "image_URL": "none", "date_created": "2013-02-01T20:44:43Z"}}, {"pk": 4, "model": "backend.album", "fields": {"is_deleted": false, "name": "The Truth About Love", "date_modified": "2013-02-01T20:44:43Z", "image_latest_rev": null, "image_URL": "none", "date_created": "2013-02-01T20:44:43Z"}}, {"pk": 5, "model": "backend.album", "fields": {"is_deleted": false, "name": "Warrior", "date_modified": "2013-02-01T20:44:43Z", "image_latest_rev": null, "image_URL": "none", "date_created": "2013-02-01T20:44:43Z"}}, {"pk": 6, "model": "backend.album", "fields": {"is_deleted": false, "name": "Take the Crown", "date_modified": "2013-02-01T20:44:43Z", "image_latest_rev": null, "image_URL": "none", "date_created": "2013-02-01T20:44:43Z"}}, {"pk": 7, "model": "backend.album", "fields": {"is_deleted": false, "name": "Clique", "date_modified": "2013-02-01T20:44:43Z", "image_latest_rev": null, "image_URL": "none", "date_created": "2013-02-01T20:44:43Z"}}, {"pk": 8, "model": "backend.album", "fields": {"is_deleted": false, "name": "Unapologetic", "date_modified": "2013-02-01T20:44:43Z", "image_latest_rev": null, "image_URL": "none", "date_created": "2013-02-01T20:44:43Z"}}, {"pk": 9, "model": "backend.album", "fields": {"is_deleted": false, "name": "Warrior", "date_modified": "2013-02-01T20:44:43Z", "image_latest_rev": null, "image_URL": "none", "date_created": "2013-02-01T20:44:43Z"}}, {"pk": 10, "model": "backend.album", "fields": {"is_deleted": false, "name": "Well Done 3", "date_modified": "2013-02-01T20:44:43Z", "image_latest_rev": null, "image_URL": "none", "date_created": "2013-02-01T20:44:43Z"}}, {"pk": 11, "model": "backend.album", "fields": {"is_deleted": false, "name": "Until Now", "date_modified": "2013-02-01T20:44:43Z", "image_latest_rev": null, "image_URL": "none", "date_created": "2013-02-01T20:44:43Z"}}, {"pk": 12, "model": "backend.album", "fields": {"is_deleted": false, "name": "Global Warming", "date_modified": "2013-02-01T20:44:43Z", "image_latest_rev": null, "image_URL": "none", "date_created": "2013-02-01T20:44:43Z"}}, {"pk": 13, "model": "backend.album", "fields": {"is_deleted": false, "name": "18 Months", "date_modified": "2013-02-01T20:44:43Z", "image_latest_rev": null, "image_URL": "none", "date_created": "2013-02-01T20:44:43Z"}}, {"pk": 14, "model": "backend.album", "fields": {"is_deleted": false, "name": "All The Right Reasons", "date_modified": "2013-02-01T20:44:43Z", "image_latest_rev": null, "image_URL": "none", "date_created": "2013-02-01T20:44:43Z"}}, {"pk": 15, "model": "backend.album", "fields": {"is_deleted": false, "name": "PSY 6", "date_modified": "2013-02-01T20:44:43Z", "image_latest_rev": null, "image_URL": "none", "date_created": "2013-02-01T20:44:43Z"}}, {"pk": 16, "model": "backend.album", "fields": {"is_deleted": false, "name": "Girl on Fire", "date_modified": "2013-02-01T20:44:43Z", "image_latest_rev": null, "image_URL": "none", "date_created": "2013-02-01T20:44:43Z"}}, {"pk": 17, "model": "backend.album", "fields": {"is_deleted": false, "name": "Wild Ones", "date_modified": "2013-02-01T20:44:43Z", "image_latest_rev": null, "image_URL": "none", "date_created": "2013-02-01T20:44:43Z"}}, {"pk": 18, "model": "backend.album", "fields": {"is_deleted": false, "name": "Les Miserables", "date_modified": "2013-02-01T20:44:43Z", "image_latest_rev": null, "image_URL": "none", "date_created": "2013-02-01T20:44:43Z"}}, {"pk": 19, "model": "backend.album", "fields": {"is_deleted": false, "name": "Red", "date_modified": "2013-02-01T20:44:43Z", "image_latest_rev": null, "image_URL": "none", "date_created": "2013-02-01T20:44:43Z"}}, {"pk": 20, "model": "backend.album", "fields": {"is_deleted": false, "name": "The Twilight Sage: Breaking Dawn", "date_modified": "2013-02-01T20:44:43Z", "image_latest_rev": null, "image_URL": "none", "date_created": "2013-02-01T20:44:43Z"}}, {"pk": 21, "model": "backend.album", "fields": {"is_deleted": false, "name": "Nothing but the Beat", "date_modified": "2013-02-01T20:44:43Z", "image_latest_rev": null, "image_URL": "none", "date_created": "2013-02-01T20:44:43Z"}}, {"pk": 22, "model": "backend.album", "fields": {"is_deleted": false, "name": "Take Me Home", "date_modified": "2013-02-01T20:44:43Z", "image_latest_rev": null, "image_URL": "none", "date_created": "2013-02-01T20:44:43Z"}}, {"pk": 23, "model": "backend.album", "fields": {"is_deleted": false, "name": "Wild Ones", "date_modified": "2013-02-01T20:44:43Z", "image_latest_rev": null, "image_URL": "none", "date_created": "2013-02-01T20:44:43Z"}}, {"pk": 24, "model": "backend.album", "fields": {"is_deleted": false, "name": "Serious Things", "date_modified": "2013-02-01T20:44:43Z", "image_latest_rev": null, "image_URL": "none", "date_created": "2013-02-01T20:44:43Z"}}, {"pk": 25, "model": "backend.album", "fields": {"is_deleted": false, "name": "Unorthodox Jukebox", "date_modified": "2013-02-01T20:44:43Z", "image_latest_rev": null, "image_URL": "none", "date_created": "2013-02-01T20:44:43Z"}}, {"pk": 26, "model": "backend.album", "fields": {"is_deleted": false, "name": "4", "date_modified": "2013-02-01T20:44:43Z", "image_latest_rev": null, "image_URL": "none", "date_created": "2013-02-01T20:44:43Z"}}, {"pk": 27, "model": "backend.album", "fields": {"is_deleted": false, "name": "Born This Way", "date_modified": "2013-02-01T20:44:43Z", "image_latest_rev": null, "image_URL": "none", "date_created": "2013-02-01T20:44:43Z"}}, {"pk": 28, "model": "backend.album", "fields": {"is_deleted": false, "name": "Hands All Over", "date_modified": "2013-02-01T20:44:43Z", "image_latest_rev": null, "image_URL": "none", "date_created": "2013-02-01T20:44:43Z"}}, {"pk": 29, "model": "backend.album", "fields": {"is_deleted": false, "name": "Street King Immortal", "date_modified": "2013-02-01T20:44:43Z", "image_latest_rev": null, "image_URL": "none", "date_created": "2013-02-01T20:44:43Z"}}, {"pk": 30, "model": "backend.album", "fields": {"is_deleted": false, "name": "Overexposed", "date_modified": "2013-02-01T20:44:43Z", "image_latest_rev": null, "image_URL": "none", "date_created": "2013-02-01T20:44:43Z"}}, {"pk": 31, "model": "backend.album", "fields": {"is_deleted": false, "name": "Mylo Xyloto", "date_modified": "2013-02-01T20:44:43Z", "image_latest_rev": null, "image_URL": "none", "date_created": "2013-02-01T20:44:43Z"}}, {"pk": 32, "model": "backend.album", "fields": {"is_deleted": false, "name": "Overexposed", "date_modified": "2013-02-01T20:44:43Z", "image_latest_rev": null, "image_URL": "none", "date_created": "2013-02-01T20:44:43Z"}}, {"pk": 33, "model": "backend.album", "fields": {"is_deleted": false, "name": "Freedom", "date_modified": "2013-02-01T20:44:43Z", "image_latest_rev": null, "image_URL": "none", "date_created": "2013-02-01T20:44:43Z"}}, {"pk": 34, "model": "backend.album", "fields": {"is_deleted": false, "name": "Scary Monsters and Nice Spirits", "date_modified": "2013-02-01T20:44:43Z", "image_latest_rev": null, "image_URL": "none", "date_created": "2013-02-01T20:44:43Z"}}, {"pk": 35, "model": "backend.album", "fields": {"is_deleted": false, "name": "willpower", "date_modified": "2013-02-01T20:44:43Z", "image_latest_rev": null, "image_URL": "none", "date_created": "2013-02-01T20:44:43Z"}}, {"pk": 36, "model": "backend.album", "fields": {"is_deleted": false, "name": "One More Love", "date_modified": "2013-02-01T20:44:43Z", "image_latest_rev": null, "image_URL": "none", "date_created": "2013-02-01T20:44:43Z"}}, {"pk": 37, "model": "backend.album", "fields": {"is_deleted": false, "name": "21", "date_modified": "2013-02-01T20:44:43Z", "image_latest_rev": null, "image_URL": "none", "date_created": "2013-02-01T20:44:43Z"}}, {"pk": 38, "model": "backend.album", "fields": {"is_deleted": false, "name": "Konvicted", "date_modified": "2013-02-01T20:44:43Z", "image_latest_rev": null, "image_URL": "none", "date_created": "2013-02-01T20:44:43Z"}}, {"pk": 39, "model": "backend.album", "fields": {"is_deleted": false, "name": "The 20/20 Experience", "date_modified": "2013-02-01T20:44:43Z", "image_latest_rev": null, "image_URL": "none", "date_created": "2013-02-01T20:44:43Z"}}, {"pk": 40, "model": "backend.album", "fields": {"is_deleted": false, "name": "18 Months", "date_modified": "2013-02-01T20:44:43Z", "image_latest_rev": null, "image_URL": "none", "date_created": "2013-02-01T20:44:43Z"}}, {"pk": 41, "model": "backend.album", "fields": {"is_deleted": false, "name": "Immersion", "date_modified": "2013-02-01T20:44:43Z", "image_latest_rev": null, "image_URL": "none", "date_created": "2013-02-01T20:44:43Z"}}, {"pk": 42, "model": "backend.album", "fields": {"is_deleted": false, "name": "Teenage Dream", "date_modified": "2013-02-01T20:44:43Z", "image_latest_rev": null, "image_URL": "none", "date_created": "2013-02-01T20:44:43Z"}}, {"pk": 43, "model": "backend.album", "fields": {"is_deleted": false, "name": "Try", "date_modified": "2013-02-01T20:44:43Z", "image_latest_rev": null, "image_URL": "none", "date_created": "2013-02-01T20:44:43Z"}}, {"pk": 44, "model": "backend.album", "fields": {"is_deleted": false, "name": "We Are Never Getting Back Together", "date_modified": "2013-02-01T20:44:43Z", "image_latest_rev": null, "image_URL": "none", "date_created": "2013-02-01T20:44:43Z"}}, {"pk": 45, "model": "backend.album", "fields": {"is_deleted": false, "name": "Talk That Talk", "date_modified": "2013-02-01T20:44:43Z", "image_latest_rev": null, "image_URL": "none", "date_created": "2013-02-01T20:44:43Z"}}, {"pk": 46, "model": "backend.album", "fields": {"is_deleted": false, "name": "Up All Night", "date_modified": "2013-02-01T20:44:43Z", "image_latest_rev": null, "image_URL": "none", "date_created": "2013-02-01T20:44:43Z"}}, {"pk": 47, "model": "backend.album", "fields": {"is_deleted": false, "name": "Trilogy", "date_modified": "2013-02-01T20:44:43Z", "image_latest_rev": null, "image_URL": "none", "date_created": "2013-02-01T20:44:43Z"}}, {"pk": 48, "model": "backend.album", "fields": {"is_deleted": false, "name": "Nothing But The Beat", "date_modified": "2013-02-01T20:44:43Z", "image_latest_rev": null, "image_URL": "none", "date_created": "2013-02-01T20:44:43Z"}}, {"pk": 1, "model": "backend.musiccategory", "fields": {"date_created": "2013-02-01T20:43:24Z", "is_deleted": false, "name": "Afrobeat", "date_modified": "2013-02-01T20:43:24Z"}}, {"pk": 2, "model": "backend.musiccategory", "fields": {"date_created": "2013-02-01T20:43:24Z", "is_deleted": false, "name": "Blues", "date_modified": "2013-02-01T20:43:24Z"}}, {"pk": 3, "model": "backend.musiccategory", "fields": {"date_created": "2013-02-01T20:43:24Z", "is_deleted": false, "name": "Country", "date_modified": "2013-02-01T20:43:24Z"}}, {"pk": 4, "model": "backend.musiccategory", "fields": {"date_created": "2013-02-01T20:43:24Z", "is_deleted": false, "name": "Lounge", "date_modified": "2013-02-01T20:43:24Z"}}, {"pk": 5, "model": "backend.musiccategory", "fields": {"date_created": "2013-02-01T20:43:24Z", "is_deleted": false, "name": "Electronic", "date_modified": "2013-02-01T20:43:24Z"}}, {"pk": 6, "model": "backend.musiccategory", "fields": {"date_created": "2013-02-01T20:43:24Z", "is_deleted": false, "name": "Hip Hop", "date_modified": "2013-02-01T20:43:24Z"}}, {"pk": 7, "model": "backend.musiccategory", "fields": {"date_created": "2013-02-01T20:43:24Z", "is_deleted": false, "name": "Pop", "date_modified": "2013-02-01T20:43:24Z"}}, {"pk": 8, "model": "backend.musiccategory", "fields": {"date_created": "2013-02-01T20:43:24Z", "is_deleted": false, "name": "R&B", "date_modified": "2013-02-01T20:43:24Z"}}, {"pk": 9, "model": "backend.musiccategory", "fields": {"date_created": "2013-02-01T20:43:24Z", "is_deleted": false, "name": "Rock", "date_modified": "2013-02-01T20:43:24Z"}}, {"pk": 10, "model": "backend.musiccategory", "fields": {"date_created": "2013-02-01T20:43:24Z", "is_deleted": false, "name": "Contemporary", "date_modified": "2013-02-01T20:43:24Z"}}, {"pk": 11, "model": "backend.musiccategory", "fields": {"date_created": "2013-02-01T20:43:24Z", "is_deleted": false, "name": "Dubstep", "date_modified": "2013-02-01T20:43:24Z"}}, {"pk": 12, "model": "backend.musiccategory", "fields": {"date_created": "2013-02-01T20:43:24Z", "is_deleted": false, "name": "Jazz", "date_modified": "2013-02-01T20:43:24Z"}}, {"pk": 13, "model": "backend.musiccategory", "fields": {"date_created": "2013-02-01T20:43:24Z", "is_deleted": false, "name": "K-pop", "date_modified": "2013-02-01T20:43:24Z"}}, {"pk": 14, "model": "backend.musiccategory", "fields": {"date_created": null, "is_deleted": false, "name": "Bollywood", "date_modified": null}}, {"pk": 1, "model": "backend.musictrack", "fields": {"album": 1, "category": 3, "track_latest_rev": null, "is_deleted": false, "name": "Far Away", "artist": 1, "track_URL": "none", "date_modified": "2013-02-01T20:43:04Z", "date_created": "2013-02-01T20:43:04Z"}}, {"pk": 2, "model": "backend.musictrack", "fields": {"album": 2, "category": 7, "track_latest_rev": null, "is_deleted": false, "name": "Beauty and a Beat", "artist": 2, "track_URL": "none", "date_modified": "2013-02-01T20:43:04Z", "date_created": "2013-02-01T20:43:04Z"}}, {"pk": 3, "model": "backend.musictrack", "fields": {"album": 3, "category": 7, "track_latest_rev": null, "is_deleted": false, "name": "Unapologetic", "artist": 3, "track_URL": "none", "date_modified": "2013-02-01T20:43:04Z", "date_created": "2013-02-01T20:43:04Z"}}, {"pk": 4, "model": "backend.musictrack", "fields": {"album": 4, "category": 4, "track_latest_rev": null, "is_deleted": false, "name": "Call me maybe", "artist": 5, "track_URL": "", "date_modified": null, "date_created": null}}, {"pk": 5, "model": "backend.musictrack", "fields": {"album": 6, "category": 5, "track_latest_rev": null, "is_deleted": false, "name": "Lights", "artist": 7, "track_URL": "", "date_modified": null, "date_created": null}}, {"pk": 6, "model": "backend.musictrack", "fields": {"album": 6, "category": 2, "track_latest_rev": null, "is_deleted": false, "name": "Faded", "artist": 6, "track_URL": "", "date_modified": null, "date_created": null}}, {"pk": 7, "model": "backend.musictrack", "fields": {"album": 7, "category": 2, "track_latest_rev": null, "is_deleted": false, "name": "Let It Roll", "artist": 8, "track_URL": "", "date_modified": null, "date_created": null}}, {"pk": 8, "model": "backend.musictrack", "fields": {"album": 12, "category": 3, "track_latest_rev": null, "is_deleted": false, "name": "Kiss You", "artist": 13, "track_URL": "", "date_modified": null, "date_created": null}}, {"pk": 9, "model": "backend.musictrack", "fields": {"album": 31, "category": 4, "track_latest_rev": null, "is_deleted": false, "name": "It Will Rain", "artist": 12, "track_URL": "", "date_modified": null, "date_created": null}}, {"pk": 10, "model": "backend.musictrack", "fields": {"album": 13, "category": 5, "track_latest_rev": null, "is_deleted": false, "name": "Levels", "artist": 13, "track_URL": "", "date_modified": null, "date_created": null}}, {"pk": 13, "model": "backend.musictrack", "fields": {"album": 14, "category": 6, "track_latest_rev": null, "is_deleted": false, "name": "Just One Last Time", "artist": 14, "track_URL": "", "date_modified": null, "date_created": null}}, {"pk": 14, "model": "backend.musictrack", "fields": {"album": 15, "category": 6, "track_latest_rev": null, "is_deleted": false, "name": "Locked Out Of Heaven", "artist": 15, "track_URL": "", "date_modified": null, "date_created": null}}, {"pk": 1, "model": "backend.playlist", "fields": {"date_created": "2013-02-01T20:42:43Z", "is_deleted": false, "location": 1, "date_modified": "2013-02-01T20:42:43Z"}}, {"pk": 1, "model": "backend.playlistitem", "fields": {"date_modified": "2013-02-01T20:42:04Z", "playlist": 1, "is_deleted": false, "music_track": 1, "rank_played": 0, "votes": 0, "current_ranking": 1, "date_created": "2013-02-01T20:42:04Z", "item_state": 0}}, {"pk": 2, "model": "backend.playlistitem", "fields": {"date_modified": "2013-02-01T20:42:04Z", "playlist": 1, "is_deleted": false, "music_track": 2, "rank_played": 0, "votes": 5, "current_ranking": 2, "date_created": "2013-02-01T20:42:04Z", "item_state": 0}}, {"pk": 3, "model": "backend.playlistitem", "fields": {"date_modified": null, "playlist": 1, "is_deleted": false, "music_track": 3, "rank_played": 0, "votes": 0, "current_ranking": 3, "date_created": null, "item_state": 0}}, {"pk": 4, "model": "backend.playlistitem", "fields": {"date_modified": null, "playlist": 1, "is_deleted": false, "music_track": 4, "rank_played": 0, "votes": 2, "current_ranking": 4, "date_created": null, "item_state": 0}}, {"pk": 5, "model": "backend.playlistitem", "fields": {"date_modified": null, "playlist": 1, "is_deleted": false, "music_track": 5, "rank_played": 0, "votes": 0, "current_ranking": 5, "date_created": null, "item_state": 0}}, {"pk": 6, "model": "backend.playlistitem", "fields": {"date_modified": null, "playlist": 1, "is_deleted": false, "music_track": 6, "rank_played": 0, "votes": 0, "current_ranking": 6, "date_created": null, "item_state": 0}}, {"pk": 7, "model": "backend.playlistitem", "fields": {"date_modified": null, "playlist": 1, "is_deleted": false, "music_track": 7, "rank_played": 0, "votes": 0, "current_ranking": 7, "date_created": null, "item_state": 0}}, {"pk": 8, "model": "backend.playlistitem", "fields": {"date_modified": null, "playlist": 1, "is_deleted": false, "music_track": 8, "rank_played": 0, "votes": 0, "current_ranking": 8, "date_created": null, "item_state": 0}}, {"pk": 9, "model": "backend.playlistitem", "fields": {"date_modified": null, "playlist": 1, "is_deleted": false, "music_track": 9, "rank_played": 0, "votes": 0, "current_ranking": 9, "date_created": null, "item_state": 0}}, {"pk": 10, "model": "backend.playlistitem", "fields": {"date_modified": null, "playlist": 1, "is_deleted": false, "music_track": 10, "rank_played": 0, "votes": 0, "current_ranking": 10, "date_created": null, "item_state": 0}}]